matchup,status,rule_triggered,category,model_total,model_spread,independent_total,independent_spread,base_line,underdog_scaled_line,underdog,underdog_score,is_hit,details,proj_pace,score_away,score_home,win_prob,timestamp
ATL vs LV,HIT,Rule 3 — Over Execution,OVER,176.0,14.0,176.22,14.06,81.0,74.7,ATL,85,True,Underdog ATL OVER 74.70 | Actual: 85 | ✓ CLEARS,81.8,81.08,95.14,0.6,2026-08-02T12:07:45.297705
GS vs POR,MISS,Rule 4 — Under Execution,UNDER,171.0,10.0,170.98,-10.11,80.5,84.5,POR,88,False,Underdog POR UNDER 84.50 | Actual: 88 | ✗ EXCEEDS,81.60000000000001,90.54,80.44,2.3,2026-08-02T12:07:45.297720
IND vs LA,MISS,Rule 3 — Over Execution,OVER,171.5,7.5,171.71,-7.45,82.0,78.62,LA,78,False,Underdog LA OVER 78.62 | Actual: 78 | ✗ FAILS,81.8,89.58,82.13,5.5,2026-08-02T12:07:45.297732
LA vs CON,MISS,Rule 3 — Over Execution,OVER,158.0,9.5,158.23,9.59,74.25,69.97,LA,66,False,Underdog LA OVER 69.97 | Actual: 66 | ✗ FAILS,78.99999999999999,74.32,83.91,2.8,2026-08-02T12:07:45.297741
LA vs MIN,HIT,Rule 4 — Under Execution,UNDER,165.0,17.0,164.99,17.02,74.0,80.8,LA,72,True,Underdog LA UNDER 80.80 | Actual: 72 | ✓ STAYS BELOW,79.7,73.98,91.0,0.2,2026-08-02T12:07:45.297754
LA vs NY,HIT,Rule 3 — Over Execution,OVER,170.5,18.5,170.51,18.28,76.0,67.67,LA,81,True,Underdog LA OVER 67.67 | Actual: 81 | ✓ CLEARS,81.40000000000002,76.11,94.39,0.1,2026-08-02T12:07:45.297764
MIN vs LA,HIT,Rule 4 — Under Execution,UNDER,165.0,12.0,164.99,-12.02,76.5,81.3,LA,63,True,Underdog LA UNDER 81.30 | Actual: 63 | ✓ STAYS BELOW,79.7,88.5,76.48,1.2,2026-08-02T12:07:45.297773
MIN vs NY,SYSTEM SKIP,Rule 1 — Upset Clause,,167.5,3.5,,,,,MIN,77,,Underdog Win Prob (17.5%) exceeds the 15.0% threshold,,,,,2026-08-02T12:07:45.297779
PHX vs ATL,MISS,Rule 3 — Over Execution,OVER,172.0,0.5,172.17,-0.38,85.75,85.53,ATL,85,False,Underdog ATL OVER 85.53 | Actual: 85 | ✗ FAILS,81.99999999999999,86.28,85.89,29.8,2026-08-02T12:07:45.297791
SEA vs CHI,HIT,Rule 4 — Under Execution,UNDER,166.0,4.5,165.91,-4.57,80.75,82.55,CHI,82,True,Underdog CHI UNDER 82.55 | Actual: 82 | ✓ STAYS BELOW,79.10000000000001,85.24,80.67,12.7,2026-08-02T12:07:45.297802
TOR vs DAL,SYSTEM SKIP,Rule 1 — Upset Clause,,170.5,0.0,,,,,DAL,85,,Underdog Win Prob (30.7%) exceeds the 15.0% threshold,,,,,2026-08-02T12:07:45.297808
CON vs WSH,HIT,Rule 3 — Over Execution,OVER,157.0,2.5,157.25,-2.34,77.25,76.12,WSH,83,True,Underdog WSH OVER 76.12 | Actual: 83 | ✓ CLEARS,78.39999999999999,79.79,77.45,21.4,2026-08-02T12:07:45.297817
GS vs CON,SYSTEM SKIP,Rule 1 — Upset Clause,,157.5,0.5,,,,,GS,77,,Underdog Win Prob (29.8%) exceeds the 15.0% threshold,,,,,2026-08-02T12:07:45.297824
GS vs LA,HIT,Rule 3 — Over Execution,OVER,166.0,7.0,166.24,-7.17,79.5,76.35,LA,83,True,Underdog LA OVER 76.35 | Actual: 83 | ✓ CLEARS,79.99999999999999,86.7,79.53,6.0,2026-08-02T12:07:45.297835
GS vs TOR,HIT,Rule 3 — Over Execution,OVER,165.0,5.0,165.19,-4.79,80.0,77.75,TOR,85,True,Underdog TOR OVER 77.75 | Actual: 85 | ✓ CLEARS,79.39999999999999,84.99,80.2,12.0,2026-08-02T12:07:45.297844
IND vs MIN,HIT,Rule 3 — Over Execution,OVER,169.0,7.5,169.1,7.62,80.75,77.38,IND,85,True,Underdog IND OVER 77.38 | Actual: 85 | ✓ CLEARS,80.3,80.74,88.36,5.3,2026-08-02T12:07:45.297854
LV vs DAL,HIT,Rule 4 — Under Execution,UNDER,180.0,13.0,179.78,-13.15,83.5,88.7,DAL,88,True,Underdog DAL UNDER 88.70 | Actual: 88 | ✓ STAYS BELOW,83.49999999999999,96.47,83.31,0.8,2026-08-02T12:07:45.297863
PHX vs LV,HIT,Rule 4 — Under Execution,UNDER,179.0,11.5,178.94,11.25,83.75,88.35,PHX,82,True,Underdog PHX UNDER 88.35 | Actual: 82 | ✓ STAYS BELOW,83.19999999999997,83.84,95.09,1.6,2026-08-02T12:07:45.297873
POR vs NY,HIT,Rule 4 — Under Execution,UNDER,175.5,21.5,175.41,21.45,77.0,85.6,POR,77,True,Underdog POR UNDER 85.60 | Actual: 77 | ✓ STAYS BELOW,82.99999999999999,76.98,98.43,0.0,2026-08-02T12:07:45.297887
PHX vs CHI,MISS,Rule 3 — Over Execution,OVER,170.5,1.0,170.69,-1.1,84.75,84.3,CHI,78,False,Underdog CHI OVER 84.30 | Actual: 78 | ✗ FAILS,81.39999999999999,85.89,84.8,26.8,2026-08-02T12:07:45.297896
PHX vs TOR,SYSTEM SKIP,Rule 1 — Upset Clause,,170.0,1.5,,,,,TOR,95,,Underdog Win Prob (25.7%) exceeds the 15.0% threshold,,,,,2026-08-02T12:07:45.297903
POR vs LV,HIT,Rule 3 — Over Execution,OVER,180.0,20.5,180.08,20.68,79.75,70.53,POR,81,True,Underdog POR OVER 70.53 | Actual: 81 | ✓ CLEARS,83.69999999999997,79.7,100.38,0.1,2026-08-02T12:07:45.297912
CHI vs NY,HIT,Rule 3 — Over Execution,OVER,170.0,15.5,170.11,15.61,77.25,70.28,CHI,76,True,Underdog CHI OVER 70.28 | Actual: 76 | ✓ CLEARS,80.49999999999999,77.25,92.86,0.4,2026-08-02T12:07:45.297922
CON vs LA,MISS,Rule 3 — Over Execution,OVER,158.0,4.5,158.23,-4.59,76.75,74.72,LA,68,False,Underdog LA OVER 74.72 | Actual: 68 | ✗ FAILS,78.99999999999999,81.41,76.82,12.7,2026-08-02T12:07:45.297932
CON vs MIN,HIT,Rule 4 — Under Execution,UNDER,156.0,9.5,155.91,9.26,73.25,77.05,CON,74,True,Underdog CON UNDER 77.05 | Actual: 74 | ✓ STAYS BELOW,77.49999999999999,73.33,82.58,3.1,2026-08-02T12:07:45.297942
DAL vs CON,HIT,Rule 3 — Over Execution,OVER,162.5,10.0,162.55,10.04,76.25,71.75,DAL,73,True,Underdog DAL OVER 71.75 | Actual: 73 | ✓ CLEARS,80.39999999999999,76.25,86.3,2.4,2026-08-02T12:07:45.297951
IND vs CHI,HIT,Rule 4 — Under Execution,UNDER,171.5,5.0,171.42,-4.75,83.25,85.25,CHI,79,True,Underdog CHI UNDER 85.25 | Actual: 79 | ✓ STAYS BELOW,80.89999999999999,88.09,83.33,12.1,2026-08-02T12:07:45.297960
MIN vs PHX,MISS,Rule 3 — Over Execution,OVER,168.5,6.0,168.65,-6.19,81.25,78.55,PHX,65,False,Underdog PHX OVER 78.55 | Actual: 65 | ✗ FAILS,80.8,87.42,81.23,8.1,2026-08-02T12:07:45.297969
SEA vs IND,MISS,Rule 3 — Over Execution,OVER,170.5,2.5,170.68,2.45,84.0,82.88,SEA,79,False,Underdog SEA OVER 82.88 | Actual: 79 | ✗ FAILS,80.60000000000001,84.11,86.57,20.9,2026-08-02T12:07:45.297979
SEA vs LV,HIT,Rule 4 — Under Execution,UNDER,174.0,7.5,173.77,7.25,83.25,86.25,SEA,81,True,Underdog SEA UNDER 86.25 | Actual: 81 | ✓ STAYS BELOW,80.89999999999999,83.26,90.51,5.9,2026-08-02T12:07:45.297989
SEA vs WSH,MISS,Rule 3 — Over Execution,OVER,165.0,5.0,165.19,-4.79,80.0,77.75,WSH,77,False,Underdog WSH OVER 77.75 | Actual: 77 | ✗ FAILS,79.39999999999999,84.99,80.2,12.0,2026-08-02T12:07:45.297997
CHI vs GS,MISS,Rule 4 — Under Execution,UNDER,166.0,9.5,165.91,9.57,78.25,82.05,CHI,88,False,Underdog CHI UNDER 82.05 | Actual: 88 | ✗ EXCEEDS,79.10000000000001,78.17,87.74,2.8,2026-08-02T12:07:45.298006
IND vs DAL,MISS,Rule 4 — Under Execution,UNDER,176.5,8.0,176.3,-8.0,84.25,87.45,DAL,94,False,Underdog DAL UNDER 87.45 | Actual: 94 | ✗ EXCEEDS,83.19999999999997,92.15,84.15,4.7,2026-08-02T12:07:45.298015
MIN vs IND,HIT,Rule 3 — Over Execution,OVER,169.0,2.5,169.1,-2.62,83.25,82.12,IND,90,True,Underdog IND OVER 82.12 | Actual: 90 | ✓ CLEARS,80.3,85.86,83.24,20.2,2026-08-02T12:07:45.298024
NY vs DAL,HIT,Rule 3 — Over Execution,OVER,175.0,14.0,175.09,-13.99,80.5,74.2,DAL,89,True,Underdog DAL OVER 74.20 | Actual: 89 | ✓ CLEARS,82.8,94.54,80.55,0.6,2026-08-02T12:07:45.298033
PHX vs LV,HIT,Rule 4 — Under Execution,UNDER,179.0,11.5,178.94,11.25,83.75,88.35,PHX,84,True,Underdog PHX UNDER 88.35 | Actual: 84 | ✓ STAYS BELOW,83.19999999999997,83.84,95.09,1.6,2026-08-02T12:07:45.298042
POR vs IND,SYSTEM SKIP,Rule 2 — High-Variance Exemption,,176.5,15.5,,,,,POR,75,,High-variance chaos signature: POR vs IND,,,,,2026-08-02T12:07:45.298047
SEA vs WSH,HIT,Rule 3 — Over Execution,OVER,165.0,5.0,165.19,-4.79,80.0,77.75,WSH,89,True,Underdog WSH OVER 77.75 | Actual: 89 | ✓ CLEARS,79.39999999999999,84.99,80.2,12.0,2026-08-02T12:07:45.298056
WSH vs SEA,MISS,Rule 3 — Over Execution,OVER,165.0,10.0,165.19,9.79,77.5,73.0,WSH,72,False,Underdog WSH OVER 73.00 | Actual: 72 | ✗ FAILS,79.39999999999999,77.7,87.49,2.6,2026-08-02T12:07:45.298065
WSH vs TOR,SYSTEM SKIP,Rule 1 — Upset Clause,,165.0,2.5,,,,,WSH,98,,Underdog Win Prob (20.7%) exceeds the 15.0% threshold,,,,,2026-08-02T12:07:45.298071
DAL vs CON,HIT,Rule 3 — Over Execution,OVER,162.5,10.0,162.55,10.04,76.25,71.75,DAL,79,True,Underdog DAL OVER 71.75 | Actual: 79 | ✓ CLEARS,80.39999999999999,76.25,86.3,2.4,2026-08-02T12:07:45.298082
LA vs IND,HIT,Rule 3 — Over Execution,OVER,171.5,12.5,171.71,12.45,79.5,73.88,LA,74,True,Underdog LA OVER 73.88 | Actual: 74 | ✓ CLEARS,81.8,79.63,92.08,1.1,2026-08-02T12:07:45.298091
PHX vs SEA,MISS,Rule 3 — Over Execution,OVER,170.0,6.0,170.11,6.17,82.0,79.3,PHX,79,False,Underdog PHX OVER 79.30 | Actual: 79 | ✗ FAILS,81.10000000000001,81.97,88.14,8.2,2026-08-02T12:07:45.298102
POR vs TOR,MISS,Rule 4 — Under Execution,UNDER,170.5,7.5,170.37,7.55,81.5,84.5,POR,86,False,Underdog POR UNDER 84.50 | Actual: 86 | ✗ EXCEEDS,82.19999999999997,81.41,88.96,5.4,2026-08-02T12:07:45.298111
SEA vs TOR,HIT,Rule 3 — Over Execution,OVER,165.0,5.0,165.19,-4.79,80.0,77.75,TOR,87,True,Underdog TOR OVER 77.75 | Actual: 87 | ✓ CLEARS,79.39999999999999,84.99,80.2,12.0,2026-08-02T12:07:45.298120
CHI vs CON,MISS,Rule 4 — Under Execution,UNDER,158.0,7.0,157.94,7.11,75.5,78.3,CHI,83,False,Underdog CHI UNDER 78.30 | Actual: 83 | ✗ EXCEEDS,78.10000000000001,75.41,82.52,6.2,2026-08-02T12:07:45.298129
CHI vs IND,HIT,Rule 4 — Under Execution,UNDER,171.5,10.0,171.42,9.75,80.75,84.75,CHI,80,True,Underdog CHI UNDER 84.75 | Actual: 80 | ✓ STAYS BELOW,80.89999999999999,80.83,90.59,2.6,2026-08-02T12:07:45.298138
CON vs PHX,MISS,Rule 3 — Over Execution,OVER,162.0,1.0,162.02,1.18,80.5,80.05,CON,74,False,Underdog CON OVER 80.05 | Actual: 74 | ✗ FAILS,80.10000000000001,80.42,81.6,26.4,2026-08-02T12:07:45.298147
DAL vs PHX,MISS,Rule 4 — Under Execution,UNDER,175.5,9.0,175.46,9.22,83.25,86.85,DAL,87,False,Underdog DAL UNDER 86.85 | Actual: 87 | ✗ EXCEEDS,83.69999999999997,83.12,92.34,3.1,2026-08-02T12:07:45.298156
IND vs NY,HIT,Rule 3 — Over Execution,OVER,174.5,8.5,174.68,8.59,83.0,79.17,IND,81,True,Underdog IND OVER 79.17 | Actual: 81 | ✓ CLEARS,81.99999999999999,83.05,91.64,3.9,2026-08-02T12:07:45.298165
MIN vs NY,SYSTEM SKIP,Rule 1 — Upset Clause,,167.5,3.5,,,,,MIN,83,,Underdog Win Prob (17.5%) exceeds the 15.0% threshold,,,,,2026-08-02T12:07:45.298173
MIN vs POR,HIT,Rule 4 — Under Execution,UNDER,170.0,15.0,169.79,-15.07,77.5,83.5,POR,74,True,Underdog POR UNDER 83.50 | Actual: 74 | ✓ STAYS BELOW,81.3,92.43,77.36,0.4,2026-08-02T12:07:45.298186
PHX vs MIN,HIT,Rule 3 — Over Execution,OVER,168.5,11.0,168.65,11.19,78.75,73.8,PHX,78,True,Underdog PHX OVER 73.80 | Actual: 78 | ✓ CLEARS,80.8,78.73,89.92,1.6,2026-08-02T12:07:45.298195
POR vs PHX,MISS,Rule 3 — Over Execution,OVER,175.5,11.5,175.63,11.68,82.0,76.83,POR,76,False,Underdog POR OVER 76.83 | Actual: 76 | ✗ FAILS,83.89999999999999,81.97,93.66,1.4,2026-08-02T12:07:45.298205
TOR vs WSH,SYSTEM SKIP,Rule 1 — Upset Clause,,165.0,2.5,,,,,TOR,73,,Underdog Win Prob (20.7%) exceeds the 15.0% threshold,,,,,2026-08-02T12:07:45.298211
WSH vs LV,HIT,Rule 4 — Under Execution,UNDER,174.0,15.0,173.95,14.93,79.5,85.5,WSH,79,True,Underdog WSH UNDER 85.50 | Actual: 79 | ✓ STAYS BELOW,81.49999999999999,79.51,94.44,0.5,2026-08-02T12:07:45.298219
CON vs POR,HIT,Rule 3 — Over Execution,OVER,162.5,7.5,162.75,-7.32,77.5,74.12,POR,75,True,Underdog POR OVER 74.12 | Actual: 75 | ✓ CLEARS,80.60000000000001,85.03,77.71,5.8,2026-08-02T12:07:45.298228
DAL vs TOR,MISS,Rule 4 — Under Execution,UNDER,170.5,5.0,170.25,5.17,82.75,84.75,DAL,85,False,Underdog DAL UNDER 84.75 | Actual: 85 | ✗ EXCEEDS,81.99999999999999,82.54,87.71,10.8,2026-08-02T12:07:45.298240
IND vs WSH,MISS,Rule 3 — Over Execution,OVER,170.5,5.0,170.65,-4.99,82.75,80.5,WSH,66,False,Underdog WSH OVER 80.50 | Actual: 66 | ✗ FAILS,81.19999999999997,87.82,82.83,11.4,2026-08-02T12:07:45.298250
LV vs WSH,HIT,Rule 4 — Under Execution,UNDER,174.0,10.0,173.95,-9.93,82.0,86.0,WSH,72,True,Underdog WSH UNDER 86.00 | Actual: 72 | ✓ STAYS BELOW,81.49999999999999,91.94,82.01,2.5,2026-08-02T12:07:45.298258
NY vs CON,MISS,Rule 3 — Over Execution,OVER,161.0,5.0,161.18,-5.22,78.0,75.75,CON,74,False,Underdog CON OVER 75.75 | Actual: 74 | ✗ FAILS,79.2,83.2,77.98,10.7,2026-08-02T12:07:45.298267
PHX vs LA,SYSTEM SKIP,Rule 1 — Upset Clause,,171.0,4.0,,,,,LA,78,,Underdog Win Prob (15.6%) exceeds the 15.0% threshold,,,,,2026-08-02T12:07:45.298273
TOR vs DAL,SYSTEM SKIP,Rule 1 — Upset Clause,,170.5,0.0,,,,,DAL,82,,Underdog Win Prob (30.7%) exceeds the 15.0% threshold,,,,,2026-08-02T12:07:45.298279
DAL vs LA,MISS,Rule 3 — Over Execution,OVER,171.0,3.0,171.15,2.78,84.0,82.65,DAL,70,False,Underdog DAL OVER 82.65 | Actual: 70 | ✗ FAILS,82.60000000000001,84.19,86.96,19.5,2026-08-02T12:07:45.298288
DAL vs SEA,HIT,Rule 3 — Over Execution,OVER,170.5,12.5,170.75,12.71,79.0,73.38,DAL,74,True,Underdog DAL OVER 73.38 | Actual: 74 | ✓ CLEARS,81.39999999999999,79.02,91.73,1.0,2026-08-02T12:07:45.298299
LV vs NY,HIT,Rule 3 — Over Execution,OVER,177.5,4.0,177.67,3.78,86.75,84.95,LV,88,True,Underdog LV OVER 84.95 | Actual: 88 | ✓ CLEARS,82.3,86.94,90.73,15.5,2026-08-02T12:07:45.298308
NY vs IND,MISS,Rule 3 — Over Execution,OVER,174.5,3.5,174.68,-3.59,85.5,83.92,IND,80,False,Underdog IND OVER 83.92 | Actual: 80 | ✗ FAILS,81.99999999999999,89.14,85.55,16.2,2026-08-02T12:07:45.298318
NY vs MIN,SYSTEM SKIP,Rule 1 — Upset Clause,,167.5,1.5,,,,,NY,85,,Underdog Win Prob (24.0%) exceeds the 15.0% threshold,,,,,2026-08-02T12:07:45.298324
SEA vs CON,SYSTEM SKIP,Rule 1 — Upset Clause,,157.5,0.5,,,,,SEA,76,,Underdog Win Prob (29.8%) exceeds the 15.0% threshold,,,,,2026-08-02T12:07:45.298329
TOR vs POR,SYSTEM SKIP,Rule 1 — Upset Clause,,170.5,2.5,,,,,POR,90,,Underdog Win Prob (20.5%) exceeds the 15.0% threshold,,,,,2026-08-02T12:07:45.298335
ATL vs CHI,SYSTEM SKIP,Rule 1 — Upset Clause,,168.0,2.0,,,,,ATL,75,,Underdog Win Prob (23.8%) exceeds the 15.0% threshold,,,,,2026-08-02T12:07:45.298340
ATL vs SEA,MISS,Rule 4 — Under Execution,UNDER,167.5,9.0,167.37,8.91,79.25,82.85,ATL,83,False,Underdog ATL UNDER 82.85 | Actual: 83 | ✗ EXCEEDS,79.7,79.23,88.14,3.5,2026-08-02T12:07:45.298349
ATL vs TOR,MISS,Rule 3 — Over Execution,OVER,167.0,1.5,167.08,1.51,82.75,82.08,ATL,78,False,Underdog ATL OVER 82.08 | Actual: 78 | ✗ FAILS,80.3,82.78,84.3,24.9,2026-08-02T12:07:45.298358
CHI vs MIN,MISS,Rule 3 — Over Execution,OVER,164.5,14.5,164.58,14.43,75.0,68.47,CHI,68,False,Underdog CHI OVER 68.47 | Actual: 68 | ✗ FAILS,78.8,75.08,89.51,0.5,2026-08-02T12:07:45.298367
CON vs LV,HIT,Rule 3 — Over Execution,OVER,165.5,9.0,165.61,9.24,78.25,74.2,CON,88,True,Underdog CON OVER 74.20 | Actual: 88 | ✓ CLEARS,79.89999999999999,78.18,87.43,3.1,2026-08-02T12:07:45.298376
CON vs TOR,HIT,Rule 3 — Over Execution,OVER,157.0,2.5,157.25,-2.34,77.25,76.12,TOR,77,True,Underdog TOR OVER 76.12 | Actual: 77 | ✓ CLEARS,78.39999999999999,79.79,77.45,21.4,2026-08-02T12:07:45.298384
IND vs WSH,HIT,Rule 3 — Over Execution,OVER,170.5,5.0,170.65,-4.99,82.75,80.5,WSH,84,True,Underdog WSH OVER 80.50 | Actual: 84 | ✓ CLEARS,81.19999999999997,87.82,82.83,11.4,2026-08-02T12:07:45.298393
LA vs LV,HIT,Rule 3 — Over Execution,OVER,175.0,17.5,175.1,17.46,78.75,70.88,LA,75,True,Underdog LA OVER 70.88 | Actual: 75 | ✓ CLEARS,82.10000000000001,78.82,96.28,0.2,2026-08-02T12:07:45.298404
MIN vs CHI,HIT,Rule 3 — Over Execution,OVER,164.5,9.5,164.58,-9.43,77.5,73.22,CHI,85,True,Underdog CHI OVER 73.22 | Actual: 85 | ✓ CLEARS,78.8,87.01,77.58,2.9,2026-08-02T12:07:45.298413
POR vs DAL,HIT,Rule 4 — Under Execution,UNDER,176.0,5.0,175.76,4.96,85.5,87.5,POR,84,True,Underdog POR UNDER 87.50 | Actual: 84 | ✓ STAYS BELOW,84.19999999999997,85.4,90.36,11.5,2026-08-02T12:07:45.298422
TOR vs POR,SYSTEM SKIP,Rule 1 — Upset Clause,,170.5,2.5,,,,,POR,76,,Underdog Win Prob (20.5%) exceeds the 15.0% threshold,,,,,2026-08-02T12:07:45.298428
CON vs LA,HIT,Rule 3 — Over Execution,OVER,158.0,4.5,158.23,-4.59,76.75,74.72,LA,79,True,Underdog LA OVER 74.72 | Actual: 79 | ✓ CLEARS,78.99999999999999,81.41,76.82,12.7,2026-08-02T12:07:45.298436
DAL vs IND,HIT,Rule 4 — Under Execution,UNDER,176.5,13.0,176.3,13.0,81.75,86.95,DAL,83,True,Underdog DAL UNDER 86.95 | Actual: 83 | ✓ STAYS BELOW,83.19999999999997,81.65,94.65,0.9,2026-08-02T12:07:45.298446
DAL vs PHX,MISS,Rule 4 — Under Execution,UNDER,175.5,9.0,175.46,9.22,83.25,86.85,DAL,89,False,Underdog DAL UNDER 86.85 | Actual: 89 | ✗ EXCEEDS,83.69999999999997,83.12,92.34,3.1,2026-08-02T12:07:45.298455
DAL vs POR,SYSTEM SKIP,Rule 1 — Upset Clause,,176.0,0.0,,,,,DAL,89,,Underdog Win Prob (31.2%) exceeds the 15.0% threshold,,,,,2026-08-02T12:07:45.298460
GS vs PHX,HIT,Rule 3 — Over Execution,OVER,170.0,1.0,170.11,-1.17,84.5,84.05,PHX,98,True,Underdog PHX OVER 84.05 | Actual: 98 | ✓ CLEARS,81.10000000000001,85.64,84.47,26.5,2026-08-02T12:07:45.298469
IND vs DAL,MISS,Rule 4 — Under Execution,UNDER,176.5,8.0,176.3,-8.0,84.25,87.45,DAL,89,False,Underdog DAL UNDER 87.45 | Actual: 89 | ✗ EXCEEDS,83.19999999999997,92.15,84.15,4.7,2026-08-02T12:07:45.298478
POR vs CON,HIT,Rule 3 — Over Execution,OVER,162.5,12.5,162.75,12.32,75.0,69.38,POR,80,True,Underdog POR OVER 69.38 | Actual: 80 | ✓ CLEARS,80.60000000000001,75.21,87.53,1.1,2026-08-02T12:07:45.298487
WSH vs GS,HIT,Rule 3 — Over Execution,OVER,165.0,10.0,165.19,9.79,77.5,73.0,WSH,80,True,Underdog WSH OVER 73.00 | Actual: 80 | ✓ CLEARS,79.39999999999999,77.7,87.49,2.6,2026-08-02T12:07:45.298496
ATL vs POR,MISS,Rule 3 — Over Execution,OVER,172.5,3.5,172.69,-3.64,84.5,82.92,POR,76,False,Underdog POR OVER 82.92 | Actual: 76 | ✗ FAILS,82.49999999999999,88.16,84.52,16.0,2026-08-02T12:07:45.298506
CON vs CHI,SYSTEM SKIP,Rule 1 — Upset Clause,,158.0,2.0,,,,,CHI,75,,Underdog Win Prob (22.3%) exceeds the 15.0% threshold,,,,,2026-08-02T12:07:45.298513
LA vs DAL,HIT,Rule 3 — Over Execution,OVER,171.0,2.0,171.15,2.22,84.5,83.6,LA,99,True,Underdog LA OVER 83.60 | Actual: 99 | ✓ CLEARS,82.60000000000001,84.46,86.69,21.8,2026-08-02T12:07:45.298523
CON vs DAL,HIT,Rule 3 — Over Execution,OVER,162.5,5.0,162.55,-5.04,78.75,76.5,DAL,90,True,Underdog DAL OVER 76.50 | Actual: 90 | ✓ CLEARS,80.39999999999999,83.8,78.75,11.2,2026-08-02T12:07:45.298532
IND vs POR,MISS,Rule 3 — Over Execution,OVER,176.5,10.5,176.53,-10.47,83.0,78.28,POR,65,False,Underdog POR OVER 78.28 | Actual: 65 | ✗ FAILS,83.39999999999999,93.5,83.03,2.1,2026-08-02T12:07:45.298543
PHX vs MIN,HIT,Rule 3 — Over Execution,OVER,168.5,11.0,168.65,11.19,78.75,73.8,PHX,79,True,Underdog PHX OVER 73.80 | Actual: 79 | ✓ CLEARS,80.8,78.73,89.92,1.6,2026-08-02T12:07:45.298553
SEA vs NY,HIT,Rule 3 — Over Execution,OVER,169.0,8.5,169.12,8.34,80.25,76.42,SEA,78,True,Underdog SEA OVER 76.42 | Actual: 78 | ✓ CLEARS,80.2,80.39,88.73,4.2,2026-08-02T12:07:45.298562
ATL vs POR,HIT,Rule 3 — Over Execution,OVER,172.5,3.5,172.69,-3.64,84.5,82.92,POR,85,True,Underdog POR OVER 82.92 | Actual: 85 | ✓ CLEARS,82.49999999999999,88.16,84.52,16.0,2026-08-02T12:07:45.298570
CHI vs CON,HIT,Rule 4 — Under Execution,UNDER,158.0,7.0,157.94,7.11,75.5,78.3,CHI,76,True,Underdog CHI UNDER 78.30 | Actual: 76 | ✓ STAYS BELOW,78.10000000000001,75.41,82.52,6.2,2026-08-02T12:07:45.298580
CHI vs IND,MISS,Rule 4 — Under Execution,UNDER,171.5,10.0,171.42,9.75,80.75,84.75,CHI,87,False,Underdog CHI UNDER 84.75 | Actual: 87 | ✗ EXCEEDS,80.89999999999999,80.83,90.59,2.6,2026-08-02T12:07:45.298589
CON vs GS,HIT,Rule 4 — Under Execution,UNDER,157.5,4.5,157.32,4.61,76.5,78.3,CON,74,True,Underdog CON UNDER 78.30 | Actual: 74 | ✓ STAYS BELOW,77.8,76.36,80.96,12.6,2026-08-02T12:07:45.298597
CON vs WSH,HIT,Rule 3 — Over Execution,OVER,157.0,2.5,157.25,-2.34,77.25,76.12,WSH,95,True,Underdog WSH OVER 76.12 | Actual: 95 | ✓ CLEARS,78.39999999999999,79.79,77.45,21.4,2026-08-02T12:07:45.298608
DAL vs LV,MISS,Rule 4 — Under Execution,UNDER,180.0,18.0,179.78,18.15,81.0,88.2,DAL,90,False,Underdog DAL UNDER 88.20 | Actual: 90 | ✗ EXCEEDS,83.49999999999999,80.81,98.97,0.1,2026-08-02T12:07:45.298617
DAL vs MIN,HIT,Rule 4 — Under Execution,UNDER,169.5,17.5,169.48,17.69,76.0,83.0,DAL,67,True,Underdog DAL UNDER 83.00 | Actual: 67 | ✓ STAYS BELOW,81.10000000000001,75.89,93.59,0.2,2026-08-02T12:07:45.298626
GS vs CON,SYSTEM SKIP,Rule 1 — Upset Clause,,157.5,0.5,,,,,GS,74,,Underdog Win Prob (29.8%) exceeds the 15.0% threshold,,,,,2026-08-02T12:07:45.298632
LV vs LA,HIT,Rule 3 — Over Execution,OVER,175.0,12.5,175.1,-12.46,81.25,75.62,LA,76,True,Underdog LA OVER 75.62 | Actual: 76 | ✓ CLEARS,82.10000000000001,93.78,81.32,1.1,2026-08-02T12:07:45.298641
POR vs PHX,HIT,Rule 3 — Over Execution,OVER,175.5,11.5,175.63,11.68,82.0,76.83,POR,78,True,Underdog POR OVER 76.83 | Actual: 78 | ✓ CLEARS,83.89999999999999,81.97,93.66,1.4,2026-08-02T12:07:45.298649
TOR vs PHX,HIT,Rule 4 — Under Execution,UNDER,170.0,6.5,169.92,6.35,81.75,84.35,TOR,83,True,Underdog TOR UNDER 84.35 | Actual: 83 | ✓ STAYS BELOW,81.69999999999997,81.78,88.13,7.7,2026-08-02T12:07:45.298685
GS vs CHI,HIT,Rule 4 — Under Execution,UNDER,166.0,4.5,165.91,-4.57,80.75,82.55,CHI,76,True,Underdog CHI UNDER 82.55 | Actual: 76 | ✓ STAYS BELOW,79.10000000000001,85.24,80.67,12.7,2026-08-02T12:07:45.298717
GS vs LV,HIT,Rule 4 — Under Execution,UNDER,174.0,7.5,173.77,7.25,83.25,86.25,GS,85,True,Underdog GS UNDER 86.25 | Actual: 85 | ✓ STAYS BELOW,80.89999999999999,83.26,90.51,5.9,2026-08-02T12:07:45.298732
IND vs TOR,HIT,Rule 3 — Over Execution,OVER,170.5,5.0,170.65,-4.99,82.75,80.5,TOR,93,True,Underdog TOR OVER 80.50 | Actual: 93 | ✓ CLEARS,81.19999999999997,87.82,82.83,11.4,2026-08-02T12:07:45.298743
LV vs WSH,HIT,Rule 4 — Under Execution,UNDER,174.0,10.0,173.95,-9.93,82.0,86.0,WSH,72,True,Underdog WSH UNDER 86.00 | Actual: 72 | ✓ STAYS BELOW,81.49999999999999,91.94,82.01,2.5,2026-08-02T12:07:45.298753
MIN vs GS,HIT,Rule 3 — Over Execution,OVER,163.5,2.5,163.64,-2.41,80.5,79.38,GS,96,True,Underdog GS OVER 79.38 | Actual: 96 | ✓ CLEARS,78.49999999999999,83.02,80.62,21.1,2026-08-02T12:07:45.298765
TOR vs IND,HIT,Rule 3 — Over Execution,OVER,170.5,10.0,170.65,9.99,80.25,75.75,TOR,81,True,Underdog TOR OVER 75.75 | Actual: 81 | ✓ CLEARS,81.19999999999997,80.33,90.32,2.4,2026-08-02T12:07:45.298775
GS vs ATL,SYSTEM SKIP,Rule 1 — Upset Clause,,167.5,4.0,,,,,ATL,85,,Underdog Win Prob (15.1%) exceeds the 15.0% threshold,,,,,2026-08-02T12:07:45.298781
GS vs DAL,HIT,Rule 3 — Over Execution,OVER,170.5,7.5,170.75,-7.71,81.5,78.12,DAL,83,True,Underdog DAL OVER 78.12 | Actual: 83 | ✓ CLEARS,81.39999999999999,89.23,81.52,5.1,2026-08-02T12:07:45.298792
LA vs NY,HIT,Rule 3 — Over Execution,OVER,170.5,18.5,170.51,18.28,76.0,67.67,LA,77,True,Underdog LA OVER 67.67 | Actual: 77 | ✓ CLEARS,81.40000000000002,76.11,94.39,0.1,2026-08-02T12:07:45.298801
LV vs POR,HIT,Rule 3 — Over Execution,OVER,180.0,15.5,180.08,-15.68,82.25,75.28,POR,82,True,Underdog POR OVER 75.28 | Actual: 82 | ✓ CLEARS,83.69999999999997,97.88,82.2,0.3,2026-08-02T12:07:45.298811
LV vs WSH,HIT,Rule 4 — Under Execution,UNDER,174.0,10.0,173.95,-9.93,82.0,86.0,WSH,76,True,Underdog WSH UNDER 86.00 | Actual: 76 | ✓ STAYS BELOW,81.49999999999999,91.94,82.01,2.5,2026-08-02T12:07:45.298820
PHX vs DAL,HIT,Rule 4 — Under Execution,UNDER,175.5,4.0,175.46,-4.22,85.75,87.35,DAL,80,True,Underdog DAL UNDER 87.35 | Actual: 80 | ✓ STAYS BELOW,83.69999999999997,89.84,85.62,13.9,2026-08-02T12:07:45.298829
SEA vs WSH,HIT,Rule 3 — Over Execution,OVER,165.0,5.0,165.19,-4.79,80.0,77.75,WSH,79,True,Underdog WSH OVER 77.75 | Actual: 79 | ✓ CLEARS,79.39999999999999,84.99,80.2,12.0,2026-08-02T12:07:45.298838
WSH vs LA,SYSTEM SKIP,Rule 1 — Upset Clause,,166.0,0.0,,,,,WSH,81,,Underdog Win Prob (30.7%) exceeds the 15.0% threshold,,,,,2026-08-02T12:07:45.298844
CHI vs NY,HIT,Rule 3 — Over Execution,OVER,170.0,15.5,170.11,15.61,77.25,70.28,CHI,75,True,Underdog CHI OVER 70.28 | Actual: 75 | ✓ CLEARS,80.49999999999999,77.25,92.86,0.4,2026-08-02T12:07:45.298853
CON vs ATL,SYSTEM SKIP,Rule 1 — Upset Clause,,159.5,1.5,,,,,ATL,70,,Underdog Win Prob (25.2%) exceeds the 15.0% threshold,,,,,2026-08-02T12:07:45.298859
CON vs SEA,HIT,Rule 4 — Under Execution,UNDER,157.5,4.5,157.32,4.61,76.5,78.3,CON,78,True,Underdog CON UNDER 78.30 | Actual: 78 | ✓ STAYS BELOW,77.8,76.36,80.96,12.6,2026-08-02T12:07:45.298868
CON vs SEA,HIT,Rule 4 — Under Execution,UNDER,157.5,4.5,157.32,4.61,76.5,78.3,CON,65,True,Underdog CON UNDER 78.30 | Actual: 65 | ✓ STAYS BELOW,77.8,76.36,80.96,12.6,2026-08-02T12:07:45.298878
LA vs LV,HIT,Rule 3 — Over Execution,OVER,175.0,17.5,175.1,17.46,78.75,70.88,LA,79,True,Underdog LA OVER 70.88 | Actual: 79 | ✓ CLEARS,82.10000000000001,78.82,96.28,0.2,2026-08-02T12:07:45.298899
LV vs MIN,HIT,Rule 3 — Over Execution,OVER,172.0,3.0,172.02,2.96,84.5,83.15,LV,85,True,Underdog LV OVER 83.15 | Actual: 85 | ✓ CLEARS,80.60000000000001,84.53,87.49,18.8,2026-08-02T12:07:45.298908
WSH vs DAL,SYSTEM SKIP,Rule 1 — Upset Clause,,170.5,0.0,,,,,DAL,81,,Underdog Win Prob (30.7%) exceeds the 15.0% threshold,,,,,2026-08-02T12:07:45.298914
CHI vs PHX,MISS,Rule 3 — Over Execution,OVER,170.5,6.0,170.69,6.1,82.25,79.55,CHI,78,False,Underdog CHI OVER 79.55 | Actual: 78 | ✗ FAILS,81.39999999999999,82.3,88.39,8.3,2026-08-02T12:07:45.298925
LV vs ATL,HIT,Rule 3 — Over Execution,OVER,176.0,9.0,176.22,-9.06,83.5,79.45,ATL,82,True,Underdog ATL OVER 79.45 | Actual: 82 | ✓ CLEARS,81.8,92.64,83.58,3.3,2026-08-02T12:07:45.298936
PHX vs IND,MISS,Rule 3 — Over Execution,OVER,175.5,6.0,175.66,6.24,84.75,82.05,PHX,76,False,Underdog PHX OVER 82.05 | Actual: 76 | ✗ FAILS,82.89999999999999,84.71,90.95,8.0,2026-08-02T12:07:45.298945
POR vs TOR,HIT,Rule 4 — Under Execution,UNDER,170.5,7.5,170.37,7.55,81.5,84.5,POR,81,True,Underdog POR UNDER 84.50 | Actual: 81 | ✓ STAYS BELOW,82.19999999999997,81.41,88.96,5.4,2026-08-02T12:07:45.298954
WSH vs NY,HIT,Rule 4 — Under Execution,UNDER,169.5,16.0,169.36,15.81,76.75,83.15,WSH,73,True,Underdog WSH UNDER 83.15 | Actual: 73 | ✓ STAYS BELOW,80.8,76.78,92.59,0.3,2026-08-02T12:07:45.298963
ATL vs NY,HIT,Rule 3 — Over Execution,OVER,171.5,15.0,171.56,14.98,78.25,71.5,ATL,79,True,Underdog ATL OVER 71.50 | Actual: 79 | ✓ CLEARS,81.10000000000001,78.29,93.27,0.4,2026-08-02T12:07:45.298973
CHI vs LA,MISS,Rule 3 — Over Execution,OVER,166.5,0.0,166.55,-0.1,83.25,83.25,LA,81,False,Underdog LA OVER 83.25 | Actual: 81 | ✗ FAILS,80.3,83.32,83.22,31.0,2026-08-02T12:07:45.298983
GS vs LA,HIT,Rule 3 — Over Execution,OVER,166.0,7.0,166.24,-7.17,79.5,76.35,LA,80,True,Underdog LA OVER 76.35 | Actual: 80 | ✓ CLEARS,79.99999999999999,86.7,79.53,6.0,2026-08-02T12:07:45.298993
IND vs LV,HIT,Rule 4 — Under Execution,UNDER,179.5,7.5,179.46,7.46,86.0,89.0,IND,87,True,Underdog IND UNDER 89.00 | Actual: 87 | ✓ STAYS BELOW,82.69999999999997,86.0,93.46,5.5,2026-08-02T12:07:45.299002
IND vs SEA,HIT,Rule 3 — Over Execution,OVER,170.5,2.5,170.68,2.55,84.0,82.88,IND,83,True,Underdog IND OVER 82.88 | Actual: 83 | ✓ CLEARS,80.60000000000001,84.07,86.61,20.5,2026-08-02T12:07:45.299011
LV vs CHI,HIT,Rule 3 — Over Execution,OVER,174.5,9.5,174.73,-9.71,82.5,78.22,CHI,79,True,Underdog CHI OVER 78.22 | Actual: 79 | ✓ CLEARS,81.19999999999997,92.22,82.51,2.7,2026-08-02T12:07:45.299020
LV vs NY,MISS,Rule 3 — Over Execution,OVER,177.5,4.0,177.67,3.78,86.75,84.95,LV,69,False,Underdog LV OVER 84.95 | Actual: 69 | ✗ FAILS,82.3,86.94,90.73,15.5,2026-08-02T12:07:45.299029
POR vs CON,MISS,Rule 3 — Over Execution,OVER,162.5,12.5,162.75,12.32,75.0,69.38,POR,66,False,Underdog POR OVER 69.38 | Actual: 66 | ✗ FAILS,80.60000000000001,75.21,87.53,1.1,2026-08-02T12:07:45.299038
POR vs DAL,HIT,Rule 4 — Under Execution,UNDER,176.0,5.0,175.76,4.96,85.5,87.5,POR,79,True,Underdog POR UNDER 87.50 | Actual: 79 | ✓ STAYS BELOW,84.19999999999997,85.4,90.36,11.5,2026-08-02T12:07:45.299047
ATL vs NY,HIT,Rule 3 — Over Execution,OVER,171.5,15.0,171.56,14.98,78.25,71.5,ATL,84,True,Underdog ATL OVER 71.50 | Actual: 84 | ✓ CLEARS,81.10000000000001,78.29,93.27,0.4,2026-08-02T12:07:45.299055
CON vs SEA,HIT,Rule 4 — Under Execution,UNDER,157.5,4.5,157.32,4.61,76.5,78.3,CON,69,True,Underdog CON UNDER 78.30 | Actual: 69 | ✓ STAYS BELOW,77.8,76.36,80.96,12.6,2026-08-02T12:07:45.299065
DAL vs WSH,HIT,Rule 4 — Under Execution,UNDER,170.5,5.0,170.25,5.17,82.75,84.75,DAL,81,True,Underdog DAL UNDER 84.75 | Actual: 81 | ✓ STAYS BELOW,81.99999999999999,82.54,87.71,10.8,2026-08-02T12:07:45.299074
IND vs GS,HIT,Rule 3 — Over Execution,OVER,170.5,2.5,170.68,2.55,84.0,82.88,IND,83,True,Underdog IND OVER 82.88 | Actual: 83 | ✓ CLEARS,80.60000000000001,84.07,86.61,20.5,2026-08-02T12:07:45.299088
MIN vs POR,MISS,Rule 4 — Under Execution,UNDER,170.0,15.0,169.79,-15.07,77.5,83.5,POR,91,False,Underdog POR UNDER 83.50 | Actual: 91 | ✗ EXCEEDS,81.3,92.43,77.36,0.4,2026-08-02T12:07:45.299098
MIN vs TOR,HIT,Rule 4 — Under Execution,UNDER,164.0,9.5,163.87,-9.63,77.25,81.05,TOR,81,True,Underdog TOR UNDER 81.05 | Actual: 81 | ✓ STAYS BELOW,79.10000000000001,86.75,77.12,2.7,2026-08-02T12:07:45.299108
POR vs NY,MISS,Rule 4 — Under Execution,UNDER,175.5,21.5,175.41,21.45,77.0,85.6,POR,88,False,Underdog POR UNDER 85.60 | Actual: 88 | ✗ EXCEEDS,82.99999999999999,76.98,98.43,0.0,2026-08-02T12:07:45.299116
WSH vs CHI,MISS,Rule 3 — Over Execution,OVER,165.5,3.0,165.6,2.76,81.25,79.9,WSH,70,False,Underdog WSH OVER 79.90 | Actual: 70 | ✗ FAILS,79.69999999999997,81.42,84.18,19.6,2026-08-02T12:07:45.299126
CON vs POR,MISS,Rule 3 — Over Execution,OVER,162.5,7.5,162.75,-7.32,77.5,74.12,POR,64,False,Underdog POR OVER 74.12 | Actual: 64 | ✗ FAILS,80.60000000000001,85.03,77.71,5.8,2026-08-02T12:07:45.299135
DAL vs SEA,HIT,Rule 3 — Over Execution,OVER,170.5,12.5,170.75,12.71,79.0,73.38,DAL,88,True,Underdog DAL OVER 73.38 | Actual: 88 | ✓ CLEARS,81.39999999999999,79.02,91.73,1.0,2026-08-02T12:07:45.299146
GS vs CON,SYSTEM SKIP,Rule 1 — Upset Clause,,157.5,0.5,,,,,GS,73,,Underdog Win Prob (29.8%) exceeds the 15.0% threshold,,,,,2026-08-02T12:07:45.299152
LA vs ATL,MISS,Rule 3 — Over Execution,OVER,168.0,6.0,168.04,5.85,81.0,78.3,LA,76,False,Underdog LA OVER 78.30 | Actual: 76 | ✗ FAILS,80.90000000000002,81.09,86.95,8.9,2026-08-02T12:07:45.299161
LV vs PHX,HIT,Rule 4 — Under Execution,UNDER,179.0,6.5,178.94,-6.25,86.25,88.85,PHX,85,True,Underdog PHX UNDER 88.85 | Actual: 85 | ✓ STAYS BELOW,83.19999999999997,92.59,86.34,8.0,2026-08-02T12:07:45.299171
MIN vs LV,HIT,Rule 3 — Over Execution,OVER,172.0,2.0,172.02,2.04,85.0,84.1,MIN,93,True,Underdog MIN OVER 84.10 | Actual: 93 | ✓ CLEARS,80.60000000000001,84.99,87.03,22.6,2026-08-02T12:07:45.299180
MIN vs WSH,MISS,Rule 4 — Under Execution,UNDER,164.0,9.5,163.87,-9.63,77.25,81.05,WSH,86,False,Underdog WSH UNDER 81.05 | Actual: 86 | ✗ EXCEEDS,79.10000000000001,86.75,77.12,2.7,2026-08-02T12:07:45.299188
NY vs LA,HIT,Rule 3 — Over Execution,OVER,170.5,13.5,170.51,-13.28,78.5,72.42,LA,74,True,Underdog LA OVER 72.42 | Actual: 74 | ✓ CLEARS,81.40000000000002,91.89,78.61,0.8,2026-08-02T12:07:45.299200
NY vs TOR,HIT,Rule 4 — Under Execution,UNDER,169.5,11.0,169.36,-10.81,79.25,83.65,TOR,83,True,Underdog TOR UNDER 83.65 | Actual: 83 | ✓ STAYS BELOW,80.8,90.09,79.28,1.8,2026-08-02T12:07:45.299210
PHX vs CON,HIT,Rule 3 — Over Execution,OVER,162.0,4.0,162.02,3.82,79.0,77.2,PHX,78,True,Underdog PHX OVER 77.20 | Actual: 78 | ✓ CLEARS,80.10000000000001,79.1,82.92,15.4,2026-08-02T12:07:45.299219
CHI vs MIN,HIT,Rule 3 — Over Execution,OVER,164.5,14.5,164.58,14.43,75.0,68.47,CHI,71,True,Underdog CHI OVER 68.47 | Actual: 71 | ✓ CLEARS,78.8,75.08,89.51,0.5,2026-08-02T12:07:45.299228
GS vs PHX,MISS,Rule 3 — Over Execution,OVER,170.0,1.0,170.11,-1.17,84.5,84.05,PHX,84,False,Underdog PHX OVER 84.05 | Actual: 84 | ✗ FAILS,81.10000000000001,85.64,84.47,26.5,2026-08-02T12:07:45.299238
IND vs TOR,HIT,Rule 3 — Over Execution,OVER,170.5,5.0,170.65,-4.99,82.75,80.5,TOR,97,True,Underdog TOR OVER 80.50 | Actual: 97 | ✓ CLEARS,81.19999999999997,87.82,82.83,11.4,2026-08-02T12:07:45.299247
LA vs NY,HIT,Rule 3 — Over Execution,OVER,170.5,18.5,170.51,18.28,76.0,67.67,LA,77,True,Underdog LA OVER 67.67 | Actual: 77 | ✓ CLEARS,81.40000000000002,76.11,94.39,0.1,2026-08-02T12:07:45.299256
LA vs PHX,HIT,Rule 4 — Under Execution,UNDER,171.0,9.0,170.91,8.77,81.0,84.6,LA,75,True,Underdog LA UNDER 84.60 | Actual: 75 | ✓ STAYS BELOW,82.3,81.07,89.84,3.6,2026-08-02T12:07:45.299265
LA vs TOR,MISS,Rule 4 — Under Execution,UNDER,166.0,5.0,165.79,4.83,80.5,82.5,LA,86,False,Underdog LA UNDER 82.50 | Actual: 86 | ✗ EXCEEDS,80.60000000000001,80.48,85.31,11.9,2026-08-02T12:07:45.299276
NY vs POR,HIT,Rule 4 — Under Execution,UNDER,175.5,16.5,175.41,-16.45,79.5,86.1,POR,74,True,Underdog POR UNDER 86.10 | Actual: 74 | ✓ STAYS BELOW,82.99999999999999,95.93,79.48,0.3,2026-08-02T12:07:45.299285
PHX vs GS,MISS,Rule 3 — Over Execution,OVER,170.0,6.0,170.11,6.17,82.0,79.3,PHX,75,False,Underdog PHX OVER 79.30 | Actual: 75 | ✗ FAILS,81.10000000000001,81.97,88.14,8.2,2026-08-02T12:07:45.299296
POR vs NY,HIT,Rule 4 — Under Execution,UNDER,175.5,21.5,175.41,21.45,77.0,85.6,POR,81,True,Underdog POR UNDER 85.60 | Actual: 81 | ✓ STAYS BELOW,82.99999999999999,76.98,98.43,0.0,2026-08-02T12:07:45.299305
WSH vs PHX,MISS,Rule 4 — Under Execution,UNDER,170.0,6.5,169.92,6.35,81.75,84.35,WSH,86,False,Underdog WSH UNDER 84.35 | Actual: 86 | ✗ EXCEEDS,81.69999999999997,81.78,88.13,7.7,2026-08-02T12:07:45.299314
GS vs NY,HIT,Rule 3 — Over Execution,OVER,169.0,8.5,169.12,8.34,80.25,76.42,GS,80,True,Underdog GS OVER 76.42 | Actual: 80 | ✓ CLEARS,80.2,80.39,88.73,4.2,2026-08-02T12:07:45.299323
LA vs CON,MISS,Rule 3 — Over Execution,OVER,158.0,9.5,158.23,9.59,74.25,69.97,LA,68,False,Underdog LA OVER 69.97 | Actual: 68 | ✗ FAILS,78.99999999999999,74.32,83.91,2.8,2026-08-02T12:07:45.299333
NY vs WSH,HIT,Rule 4 — Under Execution,UNDER,169.5,11.0,169.36,-10.81,79.25,83.65,WSH,77,True,Underdog WSH UNDER 83.65 | Actual: 77 | ✓ STAYS BELOW,80.8,90.09,79.28,1.8,2026-08-02T12:07:45.299346
PHX vs WSH,SYSTEM SKIP,Rule 1 — Upset Clause,,170.0,1.5,,,,,WSH,86,,Underdog Win Prob (25.7%) exceeds the 15.0% threshold,,,,,2026-08-02T12:07:45.299356
LV vs GS,SYSTEM SKIP,Rule 1 — Upset Clause,,174.0,2.5,,,,,GS,85,,Underdog Win Prob (21.7%) exceeds the 15.0% threshold,,,,,2026-08-02T12:07:45.299365
PHX vs POR,MISS,Rule 3 — Over Execution,OVER,175.5,6.5,175.63,-6.68,84.5,81.58,POR,77,False,Underdog POR OVER 81.58 | Actual: 77 | ✗ FAILS,83.89999999999999,91.16,84.47,7.0,2026-08-02T12:07:45.299375
PHX vs SEA,HIT,Rule 3 — Over Execution,OVER,170.0,6.0,170.11,6.17,82.0,79.3,PHX,86,True,Underdog PHX OVER 79.30 | Actual: 86 | ✓ CLEARS,81.10000000000001,81.97,88.14,8.2,2026-08-02T12:07:45.299385
PHX vs WSH,SYSTEM SKIP,Rule 1 — Upset Clause,,170.0,1.5,,,,,WSH,86,,Underdog Win Prob (25.7%) exceeds the 15.0% threshold,,,,,2026-08-02T12:07:45.299391
GS vs CHI,HIT,Rule 4 — Under Execution,UNDER,166.0,4.5,165.91,-4.57,80.75,82.55,CHI,77,True,Underdog CHI UNDER 82.55 | Actual: 77 | ✓ STAYS BELOW,79.10000000000001,85.24,80.67,12.7,2026-08-02T12:07:45.299399
NY vs CON,HIT,Rule 3 — Over Execution,OVER,161.0,5.0,161.18,-5.22,78.0,75.75,CON,80,True,Underdog CON OVER 75.75 | Actual: 80 | ✓ CLEARS,79.2,83.2,77.98,10.7,2026-08-02T12:07:45.299409
TOR vs CHI,HIT,Rule 3 — Over Execution,OVER,165.5,3.0,165.6,2.76,81.25,79.9,TOR,84,True,Underdog TOR OVER 79.90 | Actual: 84 | ✓ CLEARS,79.69999999999997,81.42,84.18,19.6,2026-08-02T12:07:45.299421
TOR vs LV,HIT,Rule 4 — Under Execution,UNDER,174.0,15.0,173.95,14.93,79.5,85.5,TOR,76,True,Underdog TOR UNDER 85.50 | Actual: 76 | ✓ STAYS BELOW,81.49999999999999,79.51,94.44,0.5,2026-08-02T12:07:45.299430
CHI vs GS,HIT,Rule 4 — Under Execution,UNDER,166.0,9.5,165.91,9.57,78.25,82.05,CHI,73,True,Underdog CHI UNDER 82.05 | Actual: 73 | ✓ STAYS BELOW,79.10000000000001,78.17,87.74,2.8,2026-08-02T12:07:45.299439
IND vs LV,MISS,Rule 4 — Under Execution,UNDER,179.5,7.5,179.46,7.46,86.0,89.0,IND,95,False,Underdog IND UNDER 89.00 | Actual: 95 | ✗ EXCEEDS,82.69999999999997,86.0,93.46,5.5,2026-08-02T12:07:45.299448
NY vs SEA,MISS,Rule 3 — Over Execution,OVER,169.0,3.5,169.12,-3.34,82.75,81.17,SEA,63,False,Underdog SEA OVER 81.17 | Actual: 63 | ✗ FAILS,80.2,86.23,82.89,17.2,2026-08-02T12:07:45.299457
TOR vs CON,HIT,Rule 3 — Over Execution,OVER,157.0,7.5,157.25,7.34,74.75,71.38,TOR,75,True,Underdog TOR OVER 71.38 | Actual: 75 | ✓ CLEARS,78.39999999999999,74.95,82.29,5.7,2026-08-02T12:07:45.299466
WSH vs IND,HIT,Rule 3 — Over Execution,OVER,170.5,10.0,170.65,9.99,80.25,75.75,WSH,86,True,Underdog WSH OVER 75.75 | Actual: 86 | ✓ CLEARS,81.19999999999997,80.33,90.32,2.4,2026-08-02T12:07:45.299475
GS vs WSH,HIT,Rule 3 — Over Execution,OVER,165.0,5.0,165.19,-4.79,80.0,77.75,WSH,92,True,Underdog WSH OVER 77.75 | Actual: 92 | ✓ CLEARS,79.39999999999999,84.99,80.2,12.0,2026-08-02T12:07:45.299483
IND vs TOR,MISS,Rule 3 — Over Execution,OVER,170.5,5.0,170.65,-4.99,82.75,80.5,TOR,79,False,Underdog TOR OVER 80.50 | Actual: 79 | ✗ FAILS,81.19999999999997,87.82,82.83,11.4,2026-08-02T12:07:45.299492
LV vs POR,HIT,Rule 3 — Over Execution,OVER,180.0,15.5,180.08,-15.68,82.25,75.28,POR,88,True,Underdog POR OVER 75.28 | Actual: 88 | ✓ CLEARS,83.69999999999997,97.88,82.2,0.3,2026-08-02T12:07:45.299501
NY vs SEA,MISS,Rule 3 — Over Execution,OVER,169.0,3.5,169.12,-3.34,82.75,81.17,SEA,79,False,Underdog SEA OVER 81.17 | Actual: 79 | ✗ FAILS,80.2,86.23,82.89,17.2,2026-08-02T12:07:45.299512
WSH vs PHX,HIT,Rule 4 — Under Execution,UNDER,170.0,6.5,169.92,6.35,81.75,84.35,WSH,76,True,Underdog WSH UNDER 84.35 | Actual: 76 | ✓ STAYS BELOW,81.69999999999997,81.78,88.13,7.7,2026-08-02T12:07:45.299521
CHI vs LV,HIT,Rule 3 — Over Execution,OVER,174.5,14.5,174.73,14.71,80.0,73.47,CHI,76,True,Underdog CHI OVER 73.47 | Actual: 76 | ✓ CLEARS,81.19999999999997,80.01,94.72,0.5,2026-08-02T12:07:45.299529
CON vs GS,MISS,Rule 4 — Under Execution,UNDER,157.5,4.5,157.32,4.61,76.5,78.3,CON,84,False,Underdog CON UNDER 78.30 | Actual: 84 | ✗ EXCEEDS,77.8,76.36,80.96,12.6,2026-08-02T12:07:45.299538
MIN vs DAL,HIT,Rule 4 — Under Execution,UNDER,169.5,12.5,169.48,-12.69,78.5,83.5,DAL,83,True,Underdog DAL UNDER 83.50 | Actual: 83 | ✓ STAYS BELOW,81.10000000000001,91.09,78.39,1.0,2026-08-02T12:07:45.299548
NY vs LV,MISS,Rule 3 — Over Execution,OVER,177.5,1.0,177.67,1.22,88.25,87.8,NY,85,False,Underdog NY OVER 87.80 | Actual: 85 | ✗ FAILS,82.3,88.23,89.44,26.2,2026-08-02T12:07:45.299559
POR vs WSH,HIT,Rule 4 — Under Execution,UNDER,170.5,7.5,170.37,7.55,81.5,84.5,POR,80,True,Underdog POR UNDER 84.50 | Actual: 80 | ✓ STAYS BELOW,82.19999999999997,81.41,88.96,5.4,2026-08-02T12:07:45.299568
SEA vs ATL,SYSTEM SKIP,Rule 1 — Upset Clause,,167.5,4.0,,,,,ATL,74,,Underdog Win Prob (15.1%) exceeds the 15.0% threshold,,,,,2026-08-02T12:07:45.299574
TOR vs SEA,HIT,Rule 3 — Over Execution,OVER,165.0,10.0,165.19,9.79,77.5,73.0,TOR,81,True,Underdog TOR OVER 73.00 | Actual: 81 | ✓ CLEARS,79.39999999999999,77.7,87.49,2.6,2026-08-02T12:07:45.299582
GS vs SEA,HIT,Rule 3 — Over Execution,OVER,165.0,2.5,165.18,2.5,81.25,80.12,GS,85,True,Underdog GS OVER 80.12 | Actual: 85 | ✓ CLEARS,78.8,81.34,83.84,20.7,2026-08-02T12:07:45.299591
GS vs TOR,MISS,Rule 3 — Over Execution,OVER,165.0,5.0,165.19,-4.79,80.0,77.75,TOR,68,False,Underdog TOR OVER 77.75 | Actual: 68 | ✗ FAILS,79.39999999999999,84.99,80.2,12.0,2026-08-02T12:07:45.299601
IND vs SEA,HIT,Rule 3 — Over Execution,OVER,170.5,2.5,170.68,2.55,84.0,82.88,IND,93,True,Underdog IND OVER 82.88 | Actual: 93 | ✓ CLEARS,80.60000000000001,84.07,86.61,20.5,2026-08-02T12:07:45.299613
LA vs GS,HIT,Rule 3 — Over Execution,OVER,166.0,12.0,166.24,12.17,77.0,71.6,LA,72,True,Underdog LA OVER 71.60 | Actual: 72 | ✓ CLEARS,79.99999999999999,77.03,89.2,1.2,2026-08-02T12:07:45.299622
MIN vs GS,HIT,Rule 3 — Over Execution,OVER,163.5,2.5,163.64,-2.41,80.5,79.38,GS,83,True,Underdog GS OVER 79.38 | Actual: 83 | ✓ CLEARS,78.49999999999999,83.02,80.62,21.1,2026-08-02T12:07:45.299631
MIN vs WSH,MISS,Rule 4 — Under Execution,UNDER,164.0,9.5,163.87,-9.63,77.25,81.05,WSH,84,False,Underdog WSH UNDER 81.05 | Actual: 84 | ✗ EXCEEDS,79.10000000000001,86.75,77.12,2.7,2026-08-02T12:07:45.299639
TOR vs NY,MISS,Rule 4 — Under Execution,UNDER,169.5,16.0,169.36,15.81,76.75,83.15,TOR,87,False,Underdog TOR UNDER 83.15 | Actual: 87 | ✗ EXCEEDS,80.8,76.78,92.59,0.3,2026-08-02T12:07:45.299648
GS vs IND,HIT,Rule 3 — Over Execution,OVER,170.5,2.5,170.68,2.45,84.0,82.88,GS,88,True,Underdog GS OVER 82.88 | Actual: 88 | ✓ CLEARS,80.60000000000001,84.11,86.57,20.9,2026-08-02T12:07:45.299684
GS vs NY,MISS,Rule 3 — Over Execution,OVER,169.0,8.5,169.12,8.34,80.25,76.42,GS,75,False,Underdog GS OVER 76.42 | Actual: 75 | ✗ FAILS,80.2,80.39,88.73,4.2,2026-08-02T12:07:45.299699
IND vs CHI,HIT,Rule 4 — Under Execution,UNDER,171.5,5.0,171.42,-4.75,83.25,85.25,CHI,85,True,Underdog CHI UNDER 85.25 | Actual: 85 | ✓ STAYS BELOW,80.89999999999999,88.09,83.33,12.1,2026-08-02T12:07:45.299713
LA vs PHX,HIT,Rule 4 — Under Execution,UNDER,171.0,9.0,170.91,8.77,81.0,84.6,LA,80,True,Underdog LA UNDER 84.60 | Actual: 80 | ✓ STAYS BELOW,82.3,81.07,89.84,3.6,2026-08-02T12:07:45.299723
DAL vs LV,HIT,Rule 4 — Under Execution,UNDER,180.0,18.0,179.78,18.15,81.0,88.2,DAL,76,True,Underdog DAL UNDER 88.20 | Actual: 76 | ✓ STAYS BELOW,83.49999999999999,80.81,98.97,0.1,2026-08-02T12:07:45.299732
IND vs WSH,MISS,Rule 3 — Over Execution,OVER,170.5,5.0,170.65,-4.99,82.75,80.5,WSH,80,False,Underdog WSH OVER 80.50 | Actual: 80 | ✗ FAILS,81.19999999999997,87.82,82.83,11.4,2026-08-02T12:07:45.299743
NY vs PHX,HIT,Rule 3 — Over Execution,OVER,174.0,7.5,174.22,-7.27,83.25,79.88,PHX,84,True,Underdog PHX OVER 79.88 | Actual: 84 | ✓ CLEARS,82.49999999999999,90.74,83.47,5.9,2026-08-02T12:07:45.299752
POR vs PHX,HIT,Rule 3 — Over Execution,OVER,175.5,11.5,175.63,11.68,82.0,76.83,POR,86,True,Underdog POR OVER 76.83 | Actual: 86 | ✓ CLEARS,83.89999999999999,81.97,93.66,1.4,2026-08-02T12:07:45.299761
SEA vs DAL,HIT,Rule 3 — Over Execution,OVER,170.5,7.5,170.75,-7.71,81.5,78.12,DAL,82,True,Underdog DAL OVER 78.12 | Actual: 82 | ✓ CLEARS,81.39999999999999,89.23,81.52,5.1,2026-08-02T12:07:45.299770
SEA vs IND,MISS,Rule 3 — Over Execution,OVER,170.5,2.5,170.68,2.45,84.0,82.88,SEA,81,False,Underdog SEA OVER 82.88 | Actual: 81 | ✗ FAILS,80.60000000000001,84.11,86.57,20.9,2026-08-02T12:07:45.299779
CON vs NY,HIT,Rule 3 — Over Execution,OVER,161.0,10.0,161.18,10.22,75.5,71.0,CON,72,True,Underdog CON OVER 71.00 | Actual: 72 | ✓ CLEARS,79.2,75.48,85.7,2.3,2026-08-02T12:07:45.299788
GS vs DAL,MISS,Rule 3 — Over Execution,OVER,170.5,7.5,170.75,-7.71,81.5,78.12,DAL,75,False,Underdog DAL OVER 78.12 | Actual: 75 | ✗ FAILS,81.39999999999999,89.23,81.52,5.1,2026-08-02T12:07:45.299800
MIN vs LA,HIT,Rule 4 — Under Execution,UNDER,165.0,12.0,164.99,-12.02,76.5,81.3,LA,75,True,Underdog LA UNDER 81.30 | Actual: 75 | ✓ STAYS BELOW,79.7,88.5,76.48,1.2,2026-08-02T12:07:45.299810
NY vs LV,HIT,Rule 3 — Over Execution,OVER,177.5,1.0,177.67,1.22,88.25,87.8,NY,88,True,Underdog NY OVER 87.80 | Actual: 88 | ✓ CLEARS,82.3,88.23,89.44,26.2,2026-08-02T12:07:45.299818
TOR vs MIN,HIT,Rule 4 — Under Execution,UNDER,164.0,14.5,163.87,14.63,74.75,80.55,TOR,79,True,Underdog TOR UNDER 80.55 | Actual: 79 | ✓ STAYS BELOW,79.10000000000001,74.62,89.25,0.5,2026-08-02T12:07:45.299827
DAL vs WSH,MISS,Rule 4 — Under Execution,UNDER,170.5,5.0,170.25,5.17,82.75,84.75,DAL,91,False,Underdog DAL UNDER 84.75 | Actual: 91 | ✗ EXCEEDS,81.99999999999999,82.54,87.71,10.8,2026-08-02T12:07:45.299837
LA vs CHI,HIT,Rule 3 — Over Execution,OVER,166.5,5.0,166.55,5.1,80.75,78.5,LA,92,True,Underdog LA OVER 78.50 | Actual: 92 | ✓ CLEARS,80.3,80.72,85.82,11.0,2026-08-02T12:07:45.299848
LV vs IND,SYSTEM SKIP,Rule 1 — Upset Clause,,179.5,2.5,,,,,IND,87,,Underdog Win Prob (20.8%) exceeds the 15.0% threshold,,,,,2026-08-02T12:07:45.299855
MIN vs ATL,HIT,Rule 3 — Over Execution,OVER,166.0,9.0,166.01,-8.82,78.5,74.45,ATL,77,True,Underdog ATL OVER 74.45 | Actual: 77 | ✓ CLEARS,79.40000000000002,87.42,78.6,3.6,2026-08-02T12:07:45.299864
SEA vs PHX,HIT,Rule 3 — Over Execution,OVER,170.0,1.0,170.11,-1.17,84.5,84.05,PHX,85,True,Underdog PHX OVER 84.05 | Actual: 85 | ✓ CLEARS,81.10000000000001,85.64,84.47,26.5,2026-08-02T12:07:45.299873
GS vs IND,MISS,Rule 3 — Over Execution,OVER,170.5,2.5,170.68,2.45,84.0,82.88,GS,79,False,Underdog GS OVER 82.88 | Actual: 79 | ✗ FAILS,80.60000000000001,84.11,86.57,20.9,2026-08-02T12:07:45.299887
NY vs ATL,HIT,Rule 3 — Over Execution,OVER,171.5,10.0,171.56,-9.98,80.75,76.25,ATL,87,True,Underdog ATL OVER 76.25 | Actual: 87 | ✓ CLEARS,81.10000000000001,90.77,80.79,2.4,2026-08-02T12:07:45.299896
SEA vs POR,HIT,Rule 4 — Under Execution,UNDER,171.0,10.0,170.98,-10.11,80.5,84.5,POR,71,True,Underdog POR UNDER 84.50 | Actual: 71 | ✓ STAYS BELOW,81.60000000000001,90.54,80.44,2.3,2026-08-02T12:07:45.299905
WSH vs POR,SYSTEM SKIP,Rule 1 — Upset Clause,,170.5,2.5,,,,,POR,84,,Underdog Win Prob (20.5%) exceeds the 15.0% threshold,,,,,2026-08-02T12:07:45.299912
ATL vs CON,HIT,Rule 4 — Under Execution,UNDER,159.5,6.5,159.35,6.46,76.5,79.1,ATL,74,True,Underdog ATL UNDER 79.10 | Actual: 74 | ✓ STAYS BELOW,78.7,76.44,82.91,7.5,2026-08-02T12:07:45.299921
ATL vs SEA,HIT,Rule 4 — Under Execution,UNDER,167.5,9.0,167.37,8.91,79.25,82.85,ATL,77,True,Underdog ATL UNDER 82.85 | Actual: 77 | ✓ STAYS BELOW,79.7,79.23,88.14,3.5,2026-08-02T12:07:45.299930
CHI vs POR,HIT,Rule 3 — Over Execution,OVER,171.0,3.0,171.17,-2.85,84.0,82.65,POR,88,True,Underdog POR OVER 82.65 | Actual: 88 | ✓ CLEARS,81.89999999999999,87.01,84.16,19.2,2026-08-02T12:07:45.299942
CHI vs SEA,HIT,Rule 4 — Under Execution,UNDER,166.0,9.5,165.91,9.57,78.25,82.05,CHI,74,True,Underdog CHI UNDER 82.05 | Actual: 74 | ✓ STAYS BELOW,79.10000000000001,78.17,87.74,2.8,2026-08-02T12:07:45.299953
CHI vs WSH,HIT,Rule 3 — Over Execution,OVER,165.5,2.0,165.6,2.24,81.75,80.85,CHI,84,True,Underdog CHI OVER 80.85 | Actual: 84 | ✓ CLEARS,79.69999999999997,81.68,83.92,21.8,2026-08-02T12:07:45.299963
GS vs ATL,SYSTEM SKIP,Rule 1 — Upset Clause,,167.5,4.0,,,,,ATL,93,,Underdog Win Prob (15.1%) exceeds the 15.0% threshold,,,,,2026-08-02T12:07:45.299970
LA vs WSH,HIT,Rule 4 — Under Execution,UNDER,166.0,5.0,165.79,4.83,80.5,82.5,LA,76,True,Underdog LA UNDER 82.50 | Actual: 76 | ✓ STAYS BELOW,80.60000000000001,80.48,85.31,11.9,2026-08-02T12:07:45.299979
NY vs MIN,SYSTEM SKIP,Rule 1 — Upset Clause,,167.5,1.5,,,,,NY,92,,Underdog Win Prob (24.0%) exceeds the 15.0% threshold,,,,,2026-08-02T12:07:45.299984
POR vs MIN,HIT,Rule 4 — Under Execution,UNDER,170.0,20.0,169.79,20.07,75.0,83.0,POR,73,True,Underdog POR UNDER 83.00 | Actual: 73 | ✓ STAYS BELOW,81.3,74.86,94.93,0.1,2026-08-02T12:07:45.299993
TOR vs CHI,HIT,Rule 3 — Over Execution,OVER,165.5,3.0,165.6,2.76,81.25,79.9,TOR,82,True,Underdog TOR OVER 79.90 | Actual: 82 | ✓ CLEARS,79.69999999999997,81.42,84.18,19.6,2026-08-02T12:07:45.300003
TOR vs LV,HIT,Rule 4 — Under Execution,UNDER,174.0,15.0,173.95,14.93,79.5,85.5,TOR,73,True,Underdog TOR UNDER 85.50 | Actual: 73 | ✓ STAYS BELOW,81.49999999999999,79.51,94.44,0.5,2026-08-02T12:07:45.300012
ATL vs MIN,HIT,Rule 3 — Over Execution,OVER,166.0,14.0,166.01,13.82,76.0,69.7,ATL,81,True,Underdog ATL OVER 69.70 | Actual: 81 | ✓ CLEARS,79.40000000000002,76.1,89.92,0.7,2026-08-02T12:07:45.300021
CON vs POR,HIT,Rule 3 — Over Execution,OVER,162.5,7.5,162.75,-7.32,77.5,74.12,POR,82,True,Underdog POR OVER 74.12 | Actual: 82 | ✓ CLEARS,80.60000000000001,85.03,77.71,5.8,2026-08-02T12:07:45.300030
DAL vs SEA,MISS,Rule 3 — Over Execution,OVER,170.5,12.5,170.75,12.71,79.0,73.38,DAL,66,False,Underdog DAL OVER 73.38 | Actual: 66 | ✗ FAILS,81.39999999999999,79.02,91.73,1.0,2026-08-02T12:07:45.300039
LV vs TOR,MISS,Rule 4 — Under Execution,UNDER,174.0,10.0,173.95,-9.93,82.0,86.0,TOR,96,False,Underdog TOR UNDER 86.00 | Actual: 96 | ✗ EXCEEDS,81.49999999999999,91.94,82.01,2.5,2026-08-02T12:07:45.300048
MIN vs CHI,HIT,Rule 3 — Over Execution,OVER,164.5,9.5,164.58,-9.43,77.5,73.22,CHI,74,True,Underdog CHI OVER 73.22 | Actual: 74 | ✓ CLEARS,78.8,87.01,77.58,2.9,2026-08-02T12:07:45.300058
NY vs LA,HIT,Rule 3 — Over Execution,OVER,170.5,13.5,170.51,-13.28,78.5,72.42,LA,80,True,Underdog LA OVER 72.42 | Actual: 80 | ✓ CLEARS,81.40000000000002,91.89,78.61,0.8,2026-08-02T12:07:45.300069
NY vs SEA,MISS,Rule 3 — Over Execution,OVER,169.0,3.5,169.12,-3.34,82.75,81.17,SEA,80,False,Underdog SEA OVER 81.17 | Actual: 80 | ✗ FAILS,80.2,86.23,82.89,17.2,2026-08-02T12:07:45.300078
PHX vs ATL,HIT,Rule 3 — Over Execution,OVER,172.0,0.5,172.17,-0.38,85.75,85.53,ATL,91,True,Underdog ATL OVER 85.53 | Actual: 91 | ✓ CLEARS,81.99999999999999,86.28,85.89,29.8,2026-08-02T12:07:45.300087
SEA vs IND,HIT,Rule 3 — Over Execution,OVER,170.5,2.5,170.68,2.45,84.0,82.88,SEA,88,True,Underdog SEA OVER 82.88 | Actual: 88 | ✓ CLEARS,80.60000000000001,84.11,86.57,20.9,2026-08-02T12:07:45.300096
WSH vs CHI,MISS,Rule 3 — Over Execution,OVER,165.5,3.0,165.6,2.76,81.25,79.9,WSH,71,False,Underdog WSH OVER 79.90 | Actual: 71 | ✗ FAILS,79.69999999999997,81.42,84.18,19.6,2026-08-02T12:07:45.300104
WSH vs MIN,HIT,Rule 4 — Under Execution,UNDER,164.0,14.5,163.87,14.63,74.75,80.55,WSH,72,True,Underdog WSH UNDER 80.55 | Actual: 72 | ✓ STAYS BELOW,79.10000000000001,74.62,89.25,0.5,2026-08-02T12:07:45.300113
CHI vs CON,HIT,Rule 4 — Under Execution,UNDER,158.0,7.0,157.94,7.11,75.5,78.3,CHI,72,True,Underdog CHI UNDER 78.30 | Actual: 72 | ✓ STAYS BELOW,78.10000000000001,75.41,82.52,6.2,2026-08-02T12:07:45.300122
DAL vs NY,HIT,Rule 3 — Over Execution,OVER,175.0,19.0,175.09,18.99,78.0,69.45,DAL,76,True,Underdog DAL OVER 69.45 | Actual: 76 | ✓ CLEARS,82.8,78.05,97.04,0.1,2026-08-02T12:07:45.300132
GS vs MIN,HIT,Rule 3 — Over Execution,OVER,163.5,7.5,163.64,7.41,78.0,74.62,GS,76,True,Underdog GS OVER 74.62 | Actual: 76 | ✓ CLEARS,78.49999999999999,78.12,85.52,5.6,2026-08-02T12:07:45.300141
MIN vs POR,HIT,Rule 4 — Under Execution,UNDER,170.0,15.0,169.79,-15.07,77.5,83.5,POR,74,True,Underdog POR UNDER 83.50 | Actual: 74 | ✓ STAYS BELOW,81.3,92.43,77.36,0.4,2026-08-02T12:07:45.300151
NY vs TOR,HIT,Rule 4 — Under Execution,UNDER,169.5,11.0,169.36,-10.81,79.25,83.65,TOR,77,True,Underdog TOR UNDER 83.65 | Actual: 77 | ✓ STAYS BELOW,80.8,90.09,79.28,1.8,2026-08-02T12:07:45.300160
PHX vs TOR,SYSTEM SKIP,Rule 1 — Upset Clause,,170.0,1.5,,,,,TOR,74,,Underdog Win Prob (25.7%) exceeds the 15.0% threshold,,,,,2026-08-02T12:07:45.300168
CON vs LV,HIT,Rule 3 — Over Execution,OVER,165.5,9.0,165.61,9.24,78.25,74.2,CON,85,True,Underdog CON OVER 74.20 | Actual: 85 | ✓ CLEARS,79.89999999999999,78.18,87.43,3.1,2026-08-02T12:07:45.300177
IND vs GS,MISS,Rule 3 — Over Execution,OVER,170.5,2.5,170.68,2.55,84.0,82.88,IND,76,False,Underdog IND OVER 82.88 | Actual: 76 | ✗ FAILS,80.60000000000001,84.07,86.61,20.5,2026-08-02T12:07:45.300186
WSH vs MIN,MISS,Rule 4 — Under Execution,UNDER,164.0,14.5,163.87,14.63,74.75,80.55,WSH,81,False,Underdog WSH UNDER 80.55 | Actual: 81 | ✗ EXCEEDS,79.10000000000001,74.62,89.25,0.5,2026-08-02T12:07:45.300195
ATL vs GS,HIT,Rule 4 — Under Execution,UNDER,167.5,9.0,167.37,8.91,79.25,82.85,ATL,81,True,Underdog ATL UNDER 82.85 | Actual: 81 | ✓ STAYS BELOW,79.7,79.23,88.14,3.5,2026-08-02T12:07:45.300203
ATL vs LA,HIT,Rule 3 — Over Execution,OVER,168.0,1.0,168.04,-0.85,83.5,83.05,LA,85,True,Underdog LA OVER 83.05 | Actual: 85 | ✓ CLEARS,80.90000000000002,84.45,83.59,27.8,2026-08-02T12:07:45.300212
ATL vs LV,MISS,Rule 3 — Over Execution,OVER,176.0,14.0,176.22,14.06,81.0,74.7,ATL,73,False,Underdog ATL OVER 74.70 | Actual: 73 | ✗ FAILS,81.8,81.08,95.14,0.6,2026-08-02T12:07:45.300221
DAL vs POR,SYSTEM SKIP,Rule 1 — Upset Clause,,176.0,0.0,,,,,DAL,94,,Underdog Win Prob (31.2%) exceeds the 15.0% threshold,,,,,2026-08-02T12:07:45.300227
NY vs WSH,HIT,Rule 4 — Under Execution,UNDER,169.5,11.0,169.36,-10.81,79.25,83.65,WSH,79,True,Underdog WSH UNDER 83.65 | Actual: 79 | ✓ STAYS BELOW,80.8,90.09,79.28,1.8,2026-08-02T12:07:45.300236
POR vs CHI,HIT,Rule 3 — Over Execution,OVER,171.0,8.0,171.17,7.85,81.5,77.9,POR,79,True,Underdog POR OVER 77.90 | Actual: 79 | ✓ CLEARS,81.89999999999999,81.66,89.51,4.9,2026-08-02T12:07:45.300245
WSH vs POR,SYSTEM SKIP,Rule 1 — Upset Clause,,170.5,2.5,,,,,POR,72,,Underdog Win Prob (20.5%) exceeds the 15.0% threshold,,,,,2026-08-02T12:07:45.300251
LA vs IND,MISS,Rule 3 — Over Execution,OVER,171.5,12.5,171.71,12.45,79.5,73.88,LA,70,False,Underdog LA OVER 73.88 | Actual: 70 | ✗ FAILS,81.8,79.63,92.08,1.1,2026-08-02T12:07:45.300262
LA vs SEA,MISS,Rule 3 — Over Execution,OVER,166.0,12.0,166.24,12.17,77.0,71.6,LA,68,False,Underdog LA OVER 71.60 | Actual: 68 | ✗ FAILS,79.99999999999999,77.03,89.2,1.2,2026-08-02T12:07:45.300273
LV vs POR,HIT,Rule 3 — Over Execution,OVER,180.0,15.5,180.08,-15.68,82.25,75.28,POR,76,True,Underdog POR OVER 75.28 | Actual: 76 | ✓ CLEARS,83.69999999999997,97.88,82.2,0.3,2026-08-02T12:07:45.300282
MIN vs CON,HIT,Rule 4 — Under Execution,UNDER,156.0,4.5,155.91,-4.26,75.75,77.55,CON,74,True,Underdog CON UNDER 77.55 | Actual: 74 | ✓ STAYS BELOW,77.49999999999999,80.08,75.83,13.8,2026-08-02T12:07:45.300291
MIN vs SEA,HIT,Rule 3 — Over Execution,OVER,163.5,2.5,163.64,-2.41,80.5,79.38,SEA,88,True,Underdog SEA OVER 79.38 | Actual: 88 | ✓ CLEARS,78.49999999999999,83.02,80.62,21.1,2026-08-02T12:07:45.300300
NY vs GS,HIT,Rule 3 — Over Execution,OVER,169.0,3.5,169.12,-3.34,82.75,81.17,GS,83,True,Underdog GS OVER 81.17 | Actual: 83 | ✓ CLEARS,80.2,86.23,82.89,17.2,2026-08-02T12:07:45.300310
POR vs GS,HIT,Rule 4 — Under Execution,UNDER,171.0,15.0,170.98,15.11,78.0,84.0,POR,75,True,Underdog POR UNDER 84.00 | Actual: 75 | ✓ STAYS BELOW,81.60000000000001,77.94,93.04,0.4,2026-08-02T12:07:45.300319
TOR vs IND,HIT,Rule 3 — Over Execution,OVER,170.5,10.0,170.65,9.99,80.25,75.75,TOR,83,True,Underdog TOR OVER 75.75 | Actual: 83 | ✓ CLEARS,81.19999999999997,80.33,90.32,2.4,2026-08-02T12:07:45.300327
WSH vs ATL,HIT,Rule 3 — Over Execution,OVER,167.0,3.5,167.08,3.49,81.75,80.17,WSH,84,True,Underdog WSH OVER 80.17 | Actual: 84 | ✓ CLEARS,80.3,81.8,85.28,16.6,2026-08-02T12:07:45.300337
WSH vs CON,MISS,Rule 3 — Over Execution,OVER,157.0,7.5,157.25,7.34,74.75,71.38,WSH,62,False,Underdog WSH OVER 71.38 | Actual: 62 | ✗ FAILS,78.39999999999999,74.95,82.29,5.7,2026-08-02T12:07:45.300345
ATL vs TOR,MISS,Rule 3 — Over Execution,OVER,167.0,1.5,167.08,1.51,82.75,82.08,ATL,79,False,Underdog ATL OVER 82.08 | Actual: 79 | ✗ FAILS,80.3,82.78,84.3,24.9,2026-08-02T12:07:45.300356
CHI vs ATL,SYSTEM SKIP,Rule 1 — Upset Clause,,168.0,3.0,,,,,CHI,81,,Underdog Win Prob (17.7%) exceeds the 15.0% threshold,,,,,2026-08-02T12:07:45.300362
CON vs PHX,MISS,Rule 3 — Over Execution,OVER,162.0,1.0,162.02,1.18,80.5,80.05,CON,71,False,Underdog CON OVER 80.05 | Actual: 71 | ✗ FAILS,80.10000000000001,80.42,81.6,26.4,2026-08-02T12:07:45.300371
DAL vs CHI,HIT,Rule 3 — Over Execution,OVER,171.0,5.5,171.04,5.45,82.75,80.28,DAL,89,True,Underdog DAL OVER 80.28 | Actual: 89 | ✓ CLEARS,81.69999999999997,82.79,88.25,10.0,2026-08-02T12:07:45.300380
LA vs POR,HIT,Rule 3 — Over Execution,OVER,171.0,0.0,171.24,-0.17,85.5,85.5,POR,93,True,Underdog POR OVER 85.50 | Actual: 93 | ✓ CLEARS,82.8,85.7,85.53,30.7,2026-08-02T12:07:45.300389
LV vs CON,MISS,Rule 3 — Over Execution,OVER,165.5,4.0,165.61,-4.24,80.75,78.95,CON,77,False,Underdog CON OVER 78.95 | Actual: 77 | ✗ FAILS,79.89999999999999,84.93,80.68,13.8,2026-08-02T12:07:45.300397
LV vs MIN,MISS,Rule 3 — Over Execution,OVER,172.0,3.0,172.02,2.96,84.5,83.15,LV,80,False,Underdog LV OVER 83.15 | Actual: 80 | ✗ FAILS,80.60000000000001,84.53,87.49,18.8,2026-08-02T12:07:45.300407
LV vs TOR,HIT,Rule 4 — Under Execution,UNDER,174.0,10.0,173.95,-9.93,82.0,86.0,TOR,82,True,Underdog TOR UNDER 86.00 | Actual: 82 | ✓ STAYS BELOW,81.49999999999999,91.94,82.01,2.5,2026-08-02T12:07:45.300416
MIN vs PHX,MISS,Rule 3 — Over Execution,OVER,168.5,6.0,168.65,-6.19,81.25,78.55,PHX,74,False,Underdog PHX OVER 78.55 | Actual: 74 | ✗ FAILS,80.8,87.42,81.23,8.1,2026-08-02T12:07:45.300425
CHI vs LV,HIT,Rule 3 — Over Execution,OVER,174.5,14.5,174.73,14.71,80.0,73.47,CHI,76,True,Underdog CHI OVER 73.47 | Actual: 76 | ✓ CLEARS,81.19999999999997,80.01,94.72,0.5,2026-08-02T12:07:45.300434
SEA vs TOR,HIT,Rule 3 — Over Execution,OVER,165.0,5.0,165.19,-4.79,80.0,77.75,TOR,81,True,Underdog TOR OVER 77.75 | Actual: 81 | ✓ CLEARS,79.39999999999999,84.99,80.2,12.0,2026-08-02T12:07:45.300444
TOR vs CON,HIT,Rule 3 — Over Execution,OVER,157.0,7.5,157.25,7.34,74.75,71.38,TOR,75,True,Underdog TOR OVER 71.38 | Actual: 75 | ✓ CLEARS,78.39999999999999,74.95,82.29,5.7,2026-08-02T12:07:45.300454
TOR vs MIN,MISS,Rule 4 — Under Execution,UNDER,164.0,14.5,163.87,14.63,74.75,80.55,TOR,81,False,Underdog TOR UNDER 80.55 | Actual: 81 | ✗ EXCEEDS,79.10000000000001,74.62,89.25,0.5,2026-08-02T12:07:45.300463
WSH vs GS,HIT,Rule 3 — Over Execution,OVER,165.0,10.0,165.19,9.79,77.5,73.0,WSH,75,True,Underdog WSH OVER 73.00 | Actual: 75 | ✓ CLEARS,79.39999999999999,77.7,87.49,2.6,2026-08-02T12:07:45.300472
WSH vs LA,SYSTEM SKIP,Rule 1 — Upset Clause,,166.0,0.0,,,,,WSH,87,,Underdog Win Prob (30.7%) exceeds the 15.0% threshold,,,,,2026-08-02T12:07:45.300478
ATL vs IND,HIT,Rule 4 — Under Execution,UNDER,173.0,9.0,172.9,9.07,82.0,85.6,ATL,85,True,Underdog ATL UNDER 85.60 | Actual: 85 | ✓ STAYS BELOW,81.49999999999999,81.91,90.99,3.3,2026-08-02T12:07:45.300487
DAL vs NY,HIT,Rule 3 — Over Execution,OVER,175.0,19.0,175.09,18.99,78.0,69.45,DAL,75,True,Underdog DAL OVER 69.45 | Actual: 75 | ✓ CLEARS,82.8,78.05,97.04,0.1,2026-08-02T12:07:45.300496
POR vs SEA,MISS,Rule 4 — Under Execution,UNDER,171.0,15.0,170.98,15.11,78.0,84.0,POR,91,False,Underdog POR UNDER 84.00 | Actual: 91 | ✗ EXCEEDS,81.60000000000001,77.94,93.04,0.4,2026-08-02T12:07:45.300505
WSH vs ATL,HIT,Rule 3 — Over Execution,OVER,167.0,3.5,167.08,3.49,81.75,80.17,WSH,95,True,Underdog WSH OVER 80.17 | Actual: 95 | ✓ CLEARS,80.3,81.8,85.28,16.6,2026-08-02T12:07:45.300514
CHI vs ATL,SYSTEM SKIP,Rule 1 — Upset Clause,,168.0,3.0,,,,,CHI,99,,Underdog Win Prob (17.7%) exceeds the 15.0% threshold,,,,,2026-08-02T12:07:45.300522
CON vs IND,HIT,Rule 3 — Over Execution,OVER,162.5,4.5,162.6,4.63,79.0,76.97,CON,86,True,Underdog CON OVER 76.97 | Actual: 86 | ✓ CLEARS,79.60000000000001,78.98,83.61,12.5,2026-08-02T12:07:45.300532
CON vs IND,MISS,Rule 3 — Over Execution,OVER,162.5,4.5,162.6,4.63,79.0,76.97,CON,71,False,Underdog CON OVER 76.97 | Actual: 71 | ✗ FAILS,79.60000000000001,78.98,83.61,12.5,2026-08-02T12:07:45.300540
