date,season,away,home,market_total,actual_total,direction,agreement,hit,profit
2020-12-23,2020-21,ATL,CHI,227.0,228,OVER,6,True,0.9
2020-12-26,2020-21,ATL,MEM,237.5,234,UNDER,4,True,0.9
2020-12-26,2020-21,TOR,SAS,225.5,233,UNDER,2,False,-1.0
2020-12-26,2020-21,MIN,UTA,225.5,227,OVER,4,True,0.9
2020-12-27,2020-21,PHX,SAC,224.5,216,UNDER,2,True,0.9
2020-12-29,2020-21,ORL,OKC,219.5,225,OVER,4,True,0.9
2020-12-29,2020-21,DEN,SAC,223.5,240,UNDER,2,False,-1.0
2020-12-30,2020-21,MIL,MIA,227.5,227,UNDER,2,True,0.9
2020-12-31,2020-21,SAC,HOU,227.0,241,UNDER,2,False,-1.0
2020-12-31,2020-21,NOP,OKC,214.5,193,UNDER,4,True,0.9
2021-01-01,2020-21,MIA,DAL,222.5,176,UNDER,2,True,0.9
2021-01-01,2020-21,PHX,DEN,225.0,209,UNDER,2,True,0.9
2021-01-01,2020-21,LAC,UTA,225.5,206,UNDER,6,True,0.9
2021-01-02,2020-21,SAC,HOU,233.0,196,UNDER,4,True,0.9
2021-01-02,2020-21,OKC,ORL,218.5,207,UNDER,2,True,0.9
2021-01-04,2020-21,OKC,MIA,212.5,208,UNDER,4,True,0.9
2021-01-05,2020-21,MIN,DEN,228.0,239,OVER,7,True,0.9
2021-01-06,2020-21,WAS,PHI,231.0,277,OVER,4,True,0.9
2021-01-06,2020-21,CLE,ORL,213.0,199,UNDER,6,True,0.9
2021-01-06,2020-21,BOS,MIA,218.0,212,OVER,4,False,-1.0
2021-01-06,2020-21,DET,MIL,227.0,245,OVER,1,True,0.9
2021-01-07,2020-21,DAL,DEN,226.0,241,OVER,2,True,0.9
2021-01-08,2020-21,WAS,BOS,234.5,223,UNDER,8,True,0.9
2021-01-08,2020-21,ORL,HOU,229.0,222,UNDER,2,True,0.9
2021-01-10,2020-21,LAL,HOU,226.5,222,UNDER,2,True,0.9
2021-01-10,2020-21,TOR,GSW,230.5,211,UNDER,2,True,0.9
2021-01-11,2020-21,PHI,ATL,223.5,206,OVER,2,False,-1.0
2021-01-11,2020-21,TOR,POR,233.5,223,UNDER,4,True,0.9
2021-01-11,2020-21,IND,SAC,233.0,249,OVER,4,True,0.9
2021-01-13,2020-21,BKN,NYK,219.0,225,OVER,4,True,0.9
2021-01-13,2020-21,LAL,OKC,215.0,227,OVER,4,True,0.9
2021-01-15,2020-21,ORL,BOS,215.5,221,OVER,4,True,0.9
2021-01-15,2020-21,ATL,UTA,222.5,208,UNDER,8,True,0.9
2021-01-16,2020-21,DET,MIA,218.0,220,OVER,4,True,0.9
2021-01-18,2020-21,MIN,ATL,228.5,205,OVER,4,False,-1.0
2021-01-20,2020-21,DET,ATL,221.0,238,OVER,2,True,0.9
2021-01-20,2020-21,MIA,TOR,219.5,213,UNDER,2,True,0.9
2021-01-20,2020-21,ORL,MIN,219.0,193,OVER,4,False,-1.0
2021-01-21,2020-21,LAL,MIL,229.0,219,UNDER,2,True,0.9
2021-01-22,2020-21,ORL,IND,217.5,238,OVER,4,True,0.9
2021-01-22,2020-21,MIA,TOR,220.5,182,UNDER,2,True,0.9
2021-01-22,2020-21,BKN,CLE,228.0,238,UNDER,2,False,-1.0
2021-01-22,2020-21,ATL,MIN,222.0,214,UNDER,8,True,0.9
2021-01-22,2020-21,NYK,SAC,218.0,197,OVER,2,False,-1.0
2021-01-24,2020-21,WAS,SAS,231.5,222,UNDER,8,True,0.9
2021-01-25,2020-21,MIN,GSW,225.0,238,OVER,4,True,0.9
2021-01-26,2020-21,WAS,HOU,231.0,195,UNDER,4,True,0.9
2021-01-27,2020-21,DET,CLE,215.5,229,OVER,4,True,0.9
2021-01-27,2020-21,SAC,ORL,221.5,228,OVER,4,True,0.9
2021-01-27,2020-21,BOS,SAS,225.0,216,UNDER,4,True,0.9
2021-01-27,2020-21,DAL,UTA,225.0,220,OVER,4,False,-1.0
2021-01-27,2020-21,MIN,GSW,227.5,234,OVER,4,True,0.9
2021-01-28,2020-21,LAC,MIA,215.5,214,OVER,2,False,-1.0
2021-01-30,2020-21,SAC,MIA,224.5,209,UNDER,4,True,0.9
2021-01-30,2020-21,DET,GSW,224.5,209,OVER,2,False,-1.0
2021-01-30,2020-21,MEM,SAS,222.5,241,OVER,2,True,0.9
2021-02-01,2020-21,Charlotte Bobcats,MIA,218.0,250,OVER,4,True,0.9
2021-02-01,2020-21,SAC,NOP,232.0,227,UNDER,4,True,0.9
2021-02-01,2020-21,MEM,SAS,221.5,235,OVER,4,True,0.9
2021-02-02,2020-21,LAC,BKN,243.5,244,UNDER,1,False,-1.0
2021-02-02,2020-21,POR,WAS,240.5,253,UNDER,1,False,-1.0
2021-02-03,2020-21,PHI,Charlotte Bobcats,221.5,229,OVER,2,True,0.9
2021-02-03,2020-21,BOS,SAC,226.5,227,OVER,4,True,0.9
2021-02-04,2020-21,GSW,DAL,224.5,263,UNDER,4,False,-1.0
2021-02-04,2020-21,UTA,ATL,224.0,203,OVER,2,False,-1.0
2021-02-04,2020-21,DEN,LAL,219.5,207,UNDER,8,True,0.9
2021-02-05,2020-21,MIL,CLE,230.0,228,UNDER,4,True,0.9
2021-02-05,2020-21,MIN,OKC,219.5,209,OVER,6,False,-1.0
2021-02-05,2020-21,DET,PHX,216.0,201,UNDER,4,True,0.9
2021-02-06,2020-21,POR,NYK,218.5,209,UNDER,2,True,0.9
2021-02-06,2020-21,MIN,OKC,218.5,238,OVER,4,True,0.9
2021-02-07,2020-21,UTA,IND,225.0,198,OVER,2,False,-1.0
2021-02-07,2020-21,SAC,LAC,228.5,223,UNDER,4,True,0.9
2021-02-09,2020-21,PHI,SAC,229.5,230,OVER,4,True,0.9
2021-02-10,2020-21,IND,BKN,234.5,198,OVER,2,False,-1.0
2021-02-11,2020-21,PHI,POR,229.0,232,OVER,4,True,0.9
2021-02-11,2020-21,TOR,BOS,222.5,226,OVER,4,True,0.9
2021-02-12,2020-21,SAS,ATL,228.5,239,OVER,2,True,0.9
2021-02-12,2020-21,NOP,DAL,233.0,273,UNDER,4,False,-1.0
2021-02-12,2020-21,MIL,UTA,232.0,244,OVER,4,True,0.9
2021-02-12,2020-21,DET,BOS,219.5,210,UNDER,2,True,0.9
2021-02-13,2020-21,PHI,PHX,227.0,231,OVER,4,True,0.9
2021-02-13,2020-21,IND,ATL,226.0,238,OVER,2,True,0.9
2021-02-14,2020-21,MIN,TOR,227.0,228,OVER,4,True,0.9
2021-02-14,2020-21,MEM,SAC,229.5,234,OVER,4,True,0.9
2021-02-15,2020-21,PHI,UTA,227.5,257,OVER,4,True,0.9
2021-02-16,2020-21,POR,OKC,225.5,219,OVER,4,False,-1.0
2021-02-17,2020-21,ATL,BOS,223.5,236,OVER,2,True,0.9
2021-02-17,2020-21,MIA,GSW,223.5,232,UNDER,2,False,-1.0
2021-02-17,2020-21,UTA,LAC,227.5,210,OVER,2,False,-1.0
2021-02-17,2020-21,OKC,MEM,223.5,235,OVER,2,True,0.9
2021-02-18,2020-21,MIA,SAC,224.0,228,UNDER,2,False,-1.0
2021-02-19,2020-21,ATL,BOS,225.5,230,OVER,2,True,0.9
2021-02-19,2020-21,DET,MEM,221.0,204,OVER,4,False,-1.0
2021-02-19,2020-21,PHX,NOP,228.5,246,OVER,4,True,0.9
2021-02-19,2020-21,TOR,MIN,231.0,167,UNDER,2,True,0.9
2021-02-19,2020-21,UTA,LAC,225.0,228,OVER,2,True,0.9
2021-02-20,2020-21,MIA,LAL,214.0,190,UNDER,8,True,0.9
2021-02-21,2020-21,DET,ORL,210.0,201,OVER,4,False,-1.0
2021-02-21,2020-21,DEN,ATL,228.0,238,OVER,4,True,0.9
2021-02-22,2020-21,CHI,HOU,227.0,220,OVER,4,False,-1.0
2021-02-22,2020-21,MIA,OKC,213.5,202,UNDER,2,True,0.9
2021-02-22,2020-21,POR,PHX,227.5,232,OVER,4,True,0.9
2021-02-23,2020-21,BOS,DAL,225.0,217,UNDER,4,True,0.9
2021-02-25,2020-21,SAC,NYK,223.0,261,OVER,4,True,0.9
2021-02-26,2020-21,SAC,DET,224.0,217,OVER,2,False,-1.0
2021-02-26,2020-21,LAC,MEM,226.5,218,UNDER,6,True,0.9
2021-02-28,2020-21,NYK,DET,214.5,199,UNDER,4,True,0.9
2021-02-28,2020-21,ATL,MIA,222.0,208,UNDER,12,True,0.9
2021-02-28,2020-21,WAS,BOS,231.5,221,UNDER,4,True,0.9
2021-02-28,2020-21,PHX,MIN,226.0,217,UNDER,2,True,0.9
2021-03-01,2020-21,DAL,ORL,226.0,254,OVER,4,True,0.9
2021-03-01,2020-21,IND,PHI,223.5,244,UNDER,2,False,-1.0
2021-03-01,2020-21,UTA,NOP,234.0,253,OVER,4,True,0.9
2021-03-02,2020-21,MEM,WAS,237.5,236,UNDER,1,True,0.9
2021-03-02,2020-21,LAC,BOS,222.5,229,OVER,4,True,0.9
2021-03-02,2020-21,NYK,SAS,216.5,212,OVER,4,False,-1.0
2021-03-03,2020-21,UTA,PHI,227.5,254,OVER,2,True,0.9
2021-03-03,2020-21,GSW,POR,235.0,214,UNDER,1,True,0.9
2021-03-03,2020-21,DET,TOR,214.0,234,UNDER,4,False,-1.0
2021-03-04,2020-21,OKC,SAS,218.5,209,UNDER,1,True,0.9
2021-03-10,2020-21,WAS,MEM,236.0,239,UNDER,1,False,-1.0
2021-03-11,2020-21,DET,Charlotte Bobcats,221.5,207,OVER,2,False,-1.0
2021-03-11,2020-21,ATL,TOR,227.5,241,OVER,6,True,0.9
2021-03-11,2020-21,ORL,MIA,214.5,214,OVER,2,False,-1.0
2021-03-11,2020-21,DAL,OKC,218.5,224,UNDER,1,False,-1.0
2021-03-11,2020-21,PHX,POR,226.5,248,OVER,4,True,0.9
2021-03-12,2020-21,ORL,SAS,219.5,181,UNDER,1,True,0.9
2021-03-12,2020-21,MIA,CHI,220.5,191,UNDER,2,True,0.9
2021-03-12,2020-21,HOU,UTA,226.5,213,OVER,6,False,-1.0
2021-03-13,2020-21,TOR,Charlotte Bobcats,227.5,218,UNDER,2,True,0.9
2021-03-14,2020-21,UTA,GSW,230.0,250,OVER,2,True,0.9
2021-03-14,2020-21,MIA,ORL,211.5,199,UNDER,7,True,0.9
2021-03-14,2020-21,TOR,CHI,232.5,213,UNDER,2,True,0.9
2021-03-15,2020-21,IND,DEN,226.5,227,OVER,2,True,0.9
2021-03-15,2020-21,LAC,DAL,228.5,208,UNDER,4,True,0.9
2021-03-17,2020-21,MIA,MEM,220.5,174,UNDER,2,True,0.9
2021-03-18,2020-21,NOP,POR,242.0,194,UNDER,1,True,0.9
2021-03-19,2020-21,UTA,TOR,228.0,227,UNDER,2,True,0.9
2021-03-19,2020-21,IND,MIA,215.5,247,OVER,4,True,0.9
2021-03-20,2020-21,GSW,MEM,222.5,214,OVER,2,False,-1.0
2021-03-20,2020-21,SAS,MIL,228.0,233,OVER,4,True,0.9
2021-03-21,2020-21,IND,MIA,217.0,215,OVER,4,False,-1.0
2021-03-21,2020-21,NOP,DEN,233.5,221,UNDER,8,True,0.9
2021-03-21,2020-21,CHI,DET,218.5,186,UNDER,4,True,0.9
2021-03-22,2020-21,SAC,CLE,225.0,224,OVER,4,False,-1.0
2021-03-22,2020-21,TOR,HOU,223.5,216,UNDER,2,True,0.9
2021-03-23,2020-21,DEN,ORL,218.0,209,UNDER,2,True,0.9
2021-03-23,2020-21,WAS,NYK,225.0,244,OVER,4,True,0.9
2021-03-24,2020-21,DAL,MIN,228.5,236,UNDER,4,False,-1.0
2021-03-24,2020-21,CLE,CHI,219.5,197,UNDER,1,True,0.9
2021-03-24,2020-21,LAC,SAS,220.5,235,OVER,4,True,0.9
2021-03-25,2020-21,POR,MIA,219.0,247,OVER,4,True,0.9
2021-03-26,2020-21,BKN,DET,223.5,224,OVER,4,True,0.9
2021-03-26,2020-21,IND,DAL,226.5,203,OVER,2,False,-1.0
2021-03-27,2020-21,NYK,MIL,223.5,198,UNDER,2,True,0.9
2021-03-27,2020-21,CHI,SAS,223.0,224,OVER,4,True,0.9
2021-03-27,2020-21,MEM,UTA,228.0,236,OVER,2,True,0.9
2021-03-29,2020-21,IND,WAS,236.5,256,UNDER,1,False,-1.0
2021-03-29,2020-21,NOP,BOS,230.5,224,UNDER,8,True,0.9
2021-03-29,2020-21,DAL,OKC,216.5,233,OVER,8,True,0.9
2021-03-29,2020-21,MIL,LAC,229.5,234,UNDER,4,False,-1.0
2021-03-30,2020-21,PHI,DEN,222.0,199,OVER,6,False,-1.0
2021-03-30,2020-21,ATL,PHX,222.5,227,UNDER,8,False,-1.0
2021-03-31,2020-21,TOR,OKC,224.0,216,UNDER,2,True,0.9
2021-03-31,2020-21,SAC,SAS,232.0,226,UNDER,4,True,0.9
2021-04-01,2020-21,ORL,NOP,224.5,225,OVER,1,True,0.9
2021-04-01,2020-21,ATL,SAS,222.5,263,OVER,4,True,0.9
2021-04-01,2020-21,DEN,LAC,226.5,195,UNDER,4,True,0.9
2021-04-02,2020-21,HOU,BOS,223.5,220,UNDER,4,True,0.9
2021-04-02,2020-21,DAL,NYK,214.5,185,UNDER,1,True,0.9
2021-04-02,2020-21,ATL,NOP,223.5,229,OVER,2,True,0.9
2021-04-02,2020-21,LAL,SAC,222.0,209,UNDER,2,True,0.9
2021-04-04,2020-21,BKN,CHI,225.5,222,UNDER,2,True,0.9
2021-04-04,2020-21,Charlotte Bobcats,BOS,220.0,202,UNDER,4,True,0.9
2021-04-04,2020-21,GSW,ATL,225.5,228,OVER,4,True,0.9
2021-04-05,2020-21,DET,OKC,211.0,240,OVER,4,True,0.9
2021-04-05,2020-21,NYK,BKN,217.0,226,UNDER,1,False,-1.0
2021-04-05,2020-21,UTA,DAL,226.5,214,UNDER,2,True,0.9
2021-04-06,2020-21,MEM,MIA,217.5,236,OVER,4,True,0.9
2021-04-06,2020-21,POR,LAC,226.5,249,OVER,4,True,0.9
2021-04-07,2020-21,Charlotte Bobcats,OKC,214.5,215,UNDER,1,False,-1.0
2021-04-07,2020-21,MEM,ATL,229.5,244,OVER,2,True,0.9
2021-04-07,2020-21,UTA,PHX,225.0,230,OVER,2,True,0.9
2021-04-09,2020-21,MEM,NYK,212.5,262,OVER,4,True,0.9
2021-04-09,2020-21,MIN,BOS,228.0,281,OVER,4,True,0.9
2021-04-09,2020-21,Charlotte Bobcats,MIL,225.5,246,OVER,2,True,0.9
2021-04-09,2020-21,HOU,LAC,226.5,235,OVER,8,True,0.9
2021-04-11,2020-21,MIA,POR,223.0,205,UNDER,2,True,0.9
2021-04-12,2020-21,PHI,DAL,223.5,208,UNDER,4,True,0.9
2021-04-12,2020-21,HOU,PHX,226.0,246,OVER,10,True,0.9
2021-04-13,2020-21,LAC,IND,229.0,241,UNDER,6,False,-1.0
2021-04-13,2020-21,BOS,POR,227.0,231,UNDER,4,False,-1.0
2021-04-14,2020-21,BKN,PHI,230.0,240,OVER,2,True,0.9
2021-04-14,2020-21,SAS,TOR,220.5,229,OVER,2,True,0.9
2021-04-14,2020-21,GSW,OKC,224.5,256,OVER,3,True,0.9
2021-04-14,2020-21,IND,HOU,231.0,256,OVER,2,True,0.9
2021-04-15,2020-21,BOS,LAL,211.5,234,UNDER,10,False,-1.0
2021-04-16,2020-21,LAC,PHI,225.0,209,UNDER,6,True,0.9
2021-04-16,2020-21,NOP,WAS,241.0,232,UNDER,1,True,0.9
2021-04-16,2020-21,MEM,CHI,227.5,241,OVER,4,True,0.9
2021-04-17,2020-21,GSW,BOS,228.5,233,OVER,2,True,0.9
2021-04-17,2020-21,SAS,PHX,230.0,196,UNDER,2,True,0.9
2021-04-18,2020-21,IND,ATL,234.5,246,OVER,2,True,0.9
2021-04-18,2020-21,BKN,MIA,225.0,216,UNDER,2,True,0.9
2021-04-18,2020-21,SAC,DAL,229.5,228,UNDER,4,True,0.9
2021-04-19,2020-21,CLE,DET,213.0,214,UNDER,4,False,-1.0
2021-04-19,2020-21,GSW,PHI,225.5,203,UNDER,2,True,0.9
2021-04-19,2020-21,HOU,MIA,217.0,204,UNDER,2,True,0.9
2021-04-19,2020-21,MEM,DEN,227.0,276,OVER,4,True,0.9
2021-04-19,2020-21,UTA,LAL,214.5,208,UNDER,8,True,0.9
2021-04-21,2020-21,GSW,WAS,239.5,232,UNDER,1,True,0.9
2021-04-21,2020-21,OKC,IND,225.5,238,UNDER,2,False,-1.0
2021-04-21,2020-21,UTA,HOU,227.5,201,UNDER,2,True,0.9
2021-04-21,2020-21,ATL,NYK,217.0,264,OVER,2,True,0.9
2021-04-21,2020-21,DET,DAL,220.5,244,OVER,2,True,0.9
2021-04-21,2020-21,MEM,LAC,226.5,222,OVER,4,False,-1.0
2021-04-22,2020-21,PHI,MIL,226.5,241,OVER,6,True,0.9
2021-04-22,2020-21,DET,SAS,216.5,197,UNDER,2,True,0.9
2021-04-23,2020-21,LAC,HOU,221.0,213,OVER,1,False,-1.0
2021-04-24,2020-21,DET,IND,223.0,224,OVER,2,True,0.9
2021-04-24,2020-21,CHI,MIA,210.0,207,OVER,2,False,-1.0
2021-04-24,2020-21,HOU,DEN,225.0,245,OVER,8,True,0.9
2021-04-25,2020-21,PHX,BKN,229.5,247,OVER,4,True,0.9
2021-04-26,2020-21,OKC,PHI,219.5,211,UNDER,6,True,0.9
2021-04-26,2020-21,MEM,DEN,228.5,216,OVER,2,False,-1.0
2021-04-27,2020-21,OKC,BOS,219.5,234,OVER,8,True,0.9
2021-04-27,2020-21,MIN,HOU,230.0,221,UNDER,4,True,0.9
2021-04-28,2020-21,ORL,CLE,210.0,213,OVER,4,True,0.9
2021-04-29,2020-21,TOR,DEN,223.5,232,OVER,4,True,0.9
2021-04-30,2020-21,SAS,BOS,224.5,283,OVER,6,True,0.9
2021-04-30,2020-21,POR,BKN,240.5,237,UNDER,1,True,0.9
2021-05-01,2020-21,WAS,DAL,231.5,249,UNDER,4,False,-1.0
2021-05-02,2020-21,PHX,OKC,221.0,243,OVER,2,True,0.9
2021-05-02,2020-21,TOR,LAL,217.5,235,UNDER,8,False,-1.0
2021-05-03,2020-21,ORL,DET,213.5,231,UNDER,4,False,-1.0
2021-05-04,2020-21,DAL,MIA,216.0,240,OVER,4,True,0.9
2021-05-04,2020-21,TOR,LAC,221.0,205,UNDER,8,True,0.9
2021-05-05,2020-21,BOS,ORL,218.5,228,UNDER,2,False,-1.0
2021-05-05,2020-21,POR,CLE,228.0,246,OVER,1,True,0.9
2021-05-05,2020-21,PHX,ATL,228.5,238,OVER,4,True,0.9
2021-05-05,2020-21,SAC,IND,240.0,197,UNDER,2,True,0.9
2021-05-06,2020-21,ATL,IND,240.0,259,OVER,2,True,0.9
2021-05-06,2020-21,OKC,GSW,228.5,215,UNDER,2,True,0.9
2021-05-06,2020-21,LAL,LAC,211.5,212,OVER,2,True,0.9
2021-05-07,2020-21,MIN,MIA,222.5,233,UNDER,4,False,-1.0
2021-05-07,2020-21,CLE,DAL,220.0,200,OVER,2,False,-1.0
2021-05-07,2020-21,SAS,SAC,227.0,217,OVER,4,False,-1.0
2021-05-08,2020-21,MEM,TOR,227.0,208,OVER,4,False,-1.0
2021-05-08,2020-21,OKC,GSW,223.5,233,OVER,4,True,0.9
2021-05-08,2020-21,SAS,POR,229.5,226,OVER,4,False,-1.0
2021-05-08,2020-21,HOU,UTA,227.0,240,OVER,5,True,0.9
2021-05-09,2020-21,MIA,BOS,221.0,254,UNDER,2,False,-1.0
2021-05-09,2020-21,NYK,LAC,216.0,206,OVER,2,False,-1.0
2021-05-09,2020-21,MIN,ORL,229.0,224,OVER,4,False,-1.0
2021-05-09,2020-21,PHX,LAL,214.0,233,UNDER,8,False,-1.0
2021-05-10,2020-21,IND,CLE,229.0,213,OVER,2,False,-1.0
2021-05-11,2020-21,MIN,DET,227.5,219,OVER,4,False,-1.0
2021-05-11,2020-21,DEN,Charlotte Bobcats,220.5,229,OVER,2,True,0.9
2021-05-11,2020-21,MIA,BOS,222.5,250,UNDER,2,False,-1.0
2021-05-11,2020-21,ORL,MIL,229.5,216,OVER,1,False,-1.0
2021-05-11,2020-21,NYK,LAL,214.5,200,UNDER,8,True,0.9
2021-05-12,2020-21,SAS,BKN,223.5,244,OVER,2,True,0.9
2021-05-13,2020-21,LAC,Charlotte Bobcats,223.5,203,OVER,2,False,-1.0
2021-05-14,2020-21,UTA,OKC,222.0,202,OVER,4,False,-1.0
2021-05-14,2020-21,ORL,PHI,219.5,219,UNDER,2,True,0.9
2021-05-14,2020-21,LAC,HOU,227.0,237,UNDER,2,False,-1.0
2021-05-14,2020-21,SAC,MEM,227.5,213,UNDER,2,True,0.9
2021-05-14,2020-21,TOR,DAL,222.0,224,OVER,2,True,0.9
2021-05-15,2020-21,MIA,MIL,232.0,230,UNDER,4,True,0.9
2021-05-16,2020-21,PHX,SAS,226.5,244,UNDER,2,False,-1.0
2021-05-16,2020-21,LAC,OKC,221.5,229,OVER,2,True,0.9
2021-05-16,2020-21,IND,TOR,229.5,238,OVER,2,True,0.9
2021-05-19,2020-21,SAS,MEM,225.0,196,OVER,2,False,-1.0
2021-05-22,2020-21,MIA,MIL,229.0,216,OVER,4,False,-1.0
2021-05-22,2020-21,POR,DEN,228.0,232,OVER,2,True,0.9
2021-05-24,2020-21,POR,DEN,228.5,237,OVER,2,True,0.9
2021-05-26,2020-21,WAS,PHI,230.5,215,OVER,4,False,-1.0
2021-05-27,2020-21,PHX,LAL,210.5,204,UNDER,8,True,0.9
2021-05-27,2020-21,DEN,POR,229.0,235,OVER,4,True,0.9
2021-05-28,2020-21,BKN,BOS,228.5,244,OVER,4,True,0.9
2021-05-29,2020-21,DEN,POR,228.5,210,OVER,4,False,-1.0
2021-05-29,2020-21,PHI,WAS,229.0,235,OVER,4,True,0.9
2021-05-29,2020-21,UTA,MEM,224.5,232,OVER,4,True,0.9
2021-05-30,2020-21,PHX,LAL,210.5,192,UNDER,8,True,0.9
2021-05-30,2020-21,BKN,BOS,229.5,267,OVER,4,True,0.9
2021-05-30,2020-21,LAC,DAL,222.5,187,UNDER,4,True,0.9
2021-05-31,2020-21,UTA,MEM,224.0,233,OVER,4,True,0.9
2021-06-01,2020-21,POR,DEN,226.0,287,OVER,2,True,0.9
2021-06-02,2020-21,MEM,UTA,226.0,236,OVER,1,True,0.9
2021-06-02,2020-21,WAS,PHI,230.5,241,UNDER,8,False,-1.0
2021-06-03,2020-21,DEN,POR,228.5,241,OVER,4,True,0.9
2021-06-06,2020-21,ATL,PHI,220.5,252,OVER,4,True,0.9
2021-06-07,2020-21,MIL,BKN,235.0,211,UNDER,2,True,0.9
2021-06-07,2020-21,DEN,PHX,220.0,227,OVER,2,True,0.9
2021-06-09,2020-21,DEN,PHX,221.0,221,OVER,2,False,-1.0
2021-06-13,2020-21,BKN,MIL,230.0,203,UNDER,4,True,0.9
2021-06-16,2020-21,ATL,PHI,224.5,215,UNDER,10,True,0.9
2021-06-23,2020-21,ATL,MIL,227.5,229,OVER,4,True,0.9
2021-06-25,2020-21,ATL,MIL,226.5,216,OVER,4,False,-1.0
2021-07-17,2020-21,MIL,PHX,218.5,242,UNDER,4,False,-1.0
2021-10-20,2021-22,ORL,SAS,215.5,220,OVER,2,True,0.9
2021-10-20,2021-22,DEN,PHX,224.5,208,OVER,2,False,-1.0
2021-10-21,2021-22,LAC,GSW,225.5,228,UNDER,6,False,-1.0
2021-10-22,2021-22,NYK,ORL,212.0,217,UNDER,1,False,-1.0
2021-10-22,2021-22,Charlotte Bobcats,CLE,225.5,235,OVER,6,True,0.9
2021-10-22,2021-22,IND,WAS,230.0,269,OVER,4,True,0.9
2021-10-22,2021-22,TOR,BOS,221.0,198,UNDER,2,True,0.9
2021-10-22,2021-22,OKC,HOU,225.5,215,UNDER,2,True,0.9
2021-10-22,2021-22,PHX,LAL,226.5,220,UNDER,2,True,0.9
2021-10-22,2021-22,UTA,SAC,226.5,211,UNDER,2,True,0.9
2021-10-23,2021-22,DAL,TOR,218.0,198,UNDER,2,True,0.9
2021-10-23,2021-22,NOP,MIN,226.0,185,UNDER,4,True,0.9
2021-10-23,2021-22,DET,CHI,214.5,179,UNDER,4,True,0.9
2021-10-23,2021-22,MEM,LAC,226.0,234,OVER,4,True,0.9
2021-10-24,2021-22,PHI,OKC,216.5,218,OVER,8,True,0.9
2021-10-25,2021-22,WAS,BKN,233.5,194,OVER,4,False,-1.0
2021-10-25,2021-22,NOP,MIN,225.0,205,UNDER,4,True,0.9
2021-10-26,2021-22,HOU,DAL,220.5,222,OVER,2,True,0.9
2021-10-26,2021-22,LAL,SAS,220.0,246,OVER,4,True,0.9
2021-10-26,2021-22,DEN,UTA,220.0,232,OVER,2,True,0.9
2021-10-27,2021-22,ATL,NOP,222.0,201,UNDER,8,True,0.9
2021-10-27,2021-22,WAS,BOS,228.5,223,OVER,2,False,-1.0
2021-10-27,2021-22,MIN,MIL,228.5,221,OVER,4,False,-1.0
2021-10-27,2021-22,SAC,PHX,228.0,217,UNDER,4,True,0.9
2021-10-27,2021-22,CLE,LAC,220.0,171,UNDER,6,True,0.9
2021-10-28,2021-22,DET,PHI,217.0,212,UNDER,6,True,0.9
2021-10-28,2021-22,ATL,WAS,224.0,233,OVER,2,True,0.9
2021-10-29,2021-22,ORL,TOR,210.0,219,OVER,2,True,0.9
2021-10-29,2021-22,Charlotte Bobcats,MIA,220.5,213,UNDER,4,True,0.9
2021-10-29,2021-22,SAC,NOP,222.5,222,OVER,4,False,-1.0
2021-10-29,2021-22,LAC,POR,225.0,203,OVER,4,False,-1.0
2021-10-30,2021-22,BOS,WAS,225.0,227,UNDER,4,False,-1.0
2021-10-30,2021-22,OKC,GSW,220.0,185,OVER,4,False,-1.0
2021-11-01,2021-22,POR,PHI,220.5,216,UNDER,2,True,0.9
2021-11-01,2021-22,ORL,MIN,218.0,212,UNDER,2,True,0.9
2021-11-02,2021-22,MIL,DET,216.0,206,UNDER,4,True,0.9
2021-11-03,2021-22,BOS,ORL,214.0,171,UNDER,8,True,0.9
2021-11-03,2021-22,TOR,WAS,215.0,209,UNDER,1,True,0.9
2021-11-03,2021-22,LAC,MIN,215.5,241,OVER,2,True,0.9
2021-11-04,2021-22,UTA,ATL,220.5,214,OVER,4,False,-1.0
2021-11-04,2021-22,BOS,MIA,215.0,173,UNDER,2,True,0.9
2021-11-05,2021-22,NOP,GSW,219.5,211,UNDER,2,True,0.9
2021-11-06,2021-22,UTA,MIA,212.5,233,OVER,4,True,0.9
2021-11-06,2021-22,BOS,DAL,213.0,211,UNDER,2,True,0.9
2021-11-07,2021-22,BKN,TOR,211.0,219,OVER,8,True,0.9
2021-11-07,2021-22,HOU,GSW,222.0,227,OVER,4,True,0.9
2021-11-08,2021-22,PHX,SAC,222.5,213,UNDER,2,True,0.9
2021-11-10,2021-22,BKN,ORL,212.0,213,UNDER,2,False,-1.0
2021-11-10,2021-22,SAC,SAS,222.5,253,OVER,4,True,0.9
2021-11-10,2021-22,MIA,LAL,215.0,237,UNDER,3,False,-1.0
2021-11-12,2021-22,SAC,OKC,217.5,208,UNDER,4,True,0.9
2021-11-13,2021-22,MIN,LAC,222.5,231,UNDER,6,False,-1.0
2021-11-14,2021-22,BKN,OKC,212.0,216,OVER,8,True,0.9
2021-11-15,2021-22,MIA,OKC,210.5,193,OVER,4,False,-1.0
2021-11-17,2021-22,BOS,ATL,215.0,209,UNDER,2,True,0.9
2021-11-17,2021-22,HOU,OKC,213.5,190,UNDER,4,True,0.9
2021-11-19,2021-22,TOR,SAC,220.0,197,UNDER,2,True,0.9
2021-11-20,2021-22,UTA,SAC,225.0,228,UNDER,2,False,-1.0
2021-11-22,2021-22,HOU,BOS,211.5,198,OVER,8,False,-1.0
2021-11-22,2021-22,MIN,NOP,213.5,206,OVER,6,False,-1.0
2021-11-23,2021-22,LAL,NYK,214.5,206,UNDER,1,True,0.9
2021-11-24,2021-22,Charlotte Bobcats,ORL,219.5,205,UNDER,6,True,0.9
2021-11-24,2021-22,ATL,SAS,221.5,230,OVER,4,True,0.9
2021-11-26,2021-22,PHX,NYK,216.5,215,UNDER,1,True,0.9
2021-11-26,2021-22,CHI,ORL,213.5,211,UNDER,2,True,0.9
2021-11-26,2021-22,ATL,MEM,224.5,232,OVER,4,True,0.9
2021-11-26,2021-22,TOR,IND,213.5,211,UNDER,1,True,0.9
2021-11-26,2021-22,MIL,DEN,213.5,229,UNDER,4,False,-1.0
2021-11-26,2021-22,SAC,LAL,224.5,278,OVER,4,True,0.9
2021-11-27,2021-22,PHX,BKN,219.0,220,UNDER,1,False,-1.0
2021-11-28,2021-22,MIL,IND,217.5,218,UNDER,4,False,-1.0
2021-11-28,2021-22,DET,LAL,216.5,216,UNDER,4,True,0.9
2021-11-29,2021-22,IND,MIN,218.0,198,UNDER,1,True,0.9
2021-11-29,2021-22,NOP,LAC,211.0,227,OVER,2,True,0.9
2021-11-30,2021-22,MEM,TOR,219.5,189,UNDER,5,True,0.9
2021-11-30,2021-22,DET,POR,216.0,202,UNDER,4,True,0.9
2021-12-01,2021-22,MIN,WAS,216.5,222,OVER,6,True,0.9
2021-12-01,2021-22,HOU,OKC,211.5,224,UNDER,4,False,-1.0
2021-12-01,2021-22,SAC,LAC,215.5,239,OVER,2,True,0.9
2021-12-02,2021-22,MIL,TOR,213.5,190,UNDER,6,True,0.9
2021-12-02,2021-22,SAS,POR,221.5,197,OVER,2,False,-1.0
2021-12-03,2021-22,ORL,HOU,216.0,234,OVER,4,True,0.9
2021-12-06,2021-22,MEM,MIA,215.5,195,OVER,4,False,-1.0
2021-12-07,2021-22,NYK,SAS,212.5,230,OVER,4,True,0.9
2021-12-10,2021-22,BOS,PHX,216.5,201,UNDER,2,True,0.9
2021-12-11,2021-22,GSW,PHI,212.5,195,UNDER,2,True,0.9
2021-12-12,2021-22,MIL,NYK,215.5,209,UNDER,4,True,0.9
2021-12-12,2021-22,MIN,POR,219.0,227,OVER,6,True,0.9
2021-12-13,2021-22,GSW,IND,213.5,202,UNDER,2,True,0.9
2021-12-13,2021-22,HOU,ATL,225.5,258,OVER,8,True,0.9
2021-12-14,2021-22,GSW,NYK,211.5,201,UNDER,2,True,0.9
2021-12-15,2021-22,IND,MIL,217.0,213,UNDER,2,True,0.9
2021-12-17,2021-22,GSW,BOS,214.5,218,UNDER,2,False,-1.0
2021-12-17,2021-22,Charlotte Bobcats,POR,228.0,241,OVER,4,True,0.9
2021-12-17,2021-22,MEM,SAC,225.5,229,OVER,4,True,0.9
2021-12-18,2021-22,HOU,DET,215.0,223,UNDER,4,False,-1.0
2021-12-18,2021-22,CLE,MIL,214.0,209,UNDER,2,True,0.9
2021-12-19,2021-22,SAS,SAC,226.0,235,OVER,2,True,0.9
2021-12-20,2021-22,SAC,GSW,223.5,211,OVER,4,False,-1.0
2021-12-21,2021-22,POR,NOP,219.0,208,UNDER,2,True,0.9
2021-12-21,2021-22,MIN,DAL,212.5,216,OVER,6,True,0.9
2021-12-21,2021-22,PHX,LAL,218.5,198,UNDER,8,True,0.9
2021-12-22,2021-22,ORL,ATL,211.5,202,OVER,2,False,-1.0
2021-12-22,2021-22,DEN,OKC,215.5,202,UNDER,4,True,0.9
2021-12-23,2021-22,MIL,DAL,215.5,197,UNDER,2,True,0.9
2021-12-26,2021-22,MEM,SAC,226.5,229,OVER,4,True,0.9
2021-12-27,2021-22,BOS,MIN,218.5,211,UNDER,2,True,0.9
2021-12-27,2021-22,UTA,SAS,228.5,214,UNDER,2,True,0.9
2021-12-27,2021-22,BKN,LAC,216.5,232,OVER,8,True,0.9
2021-12-29,2021-22,UTA,POR,230.0,225,OVER,2,False,-1.0
2021-12-31,2021-22,SAS,MEM,224.5,223,OVER,2,False,-1.0
2022-01-01,2021-22,SAS,DET,222.5,233,OVER,2,True,0.9
2022-01-01,2021-22,LAC,BKN,213.5,236,OVER,2,True,0.9
2022-01-01,2021-22,DEN,HOU,222.5,235,OVER,2,True,0.9
2022-01-02,2021-22,ORL,BOS,213.5,227,OVER,8,True,0.9
2022-01-02,2021-22,MIA,SAC,221.5,228,UNDER,2,False,-1.0
2022-01-03,2021-22,DET,MIL,226.0,221,OVER,1,False,-1.0
2022-01-03,2021-22,UTA,NOP,226.0,219,OVER,1,False,-1.0
2022-01-03,2021-22,ATL,POR,226.0,267,OVER,4,True,0.9
2022-01-04,2021-22,SAC,LAL,228.5,236,UNDER,4,False,-1.0
2022-01-05,2021-22,BKN,IND,217.5,250,OVER,8,True,0.9
2022-01-05,2021-22,OKC,MIN,210.5,188,UNDER,2,True,0.9
2022-01-05,2021-22,ATL,SAC,229.5,210,OVER,8,False,-1.0
2022-01-06,2021-22,LAC,PHX,216.5,195,OVER,2,False,-1.0
2022-01-07,2021-22,MIL,BKN,229.5,230,OVER,8,True,0.9
2022-01-07,2021-22,ATL,LAL,225.5,252,OVER,6,True,0.9
2022-01-08,2021-22,ORL,DET,210.0,189,UNDER,4,True,0.9
2022-01-09,2021-22,MIN,HOU,232.0,264,OVER,2,True,0.9
2022-01-09,2021-22,MEM,LAL,226.5,246,OVER,2,True,0.9
2022-01-10,2021-22,UTA,DET,223.0,242,OVER,2,True,0.9
2022-01-10,2021-22,PHI,HOU,226.5,202,UNDER,2,True,0.9
2022-01-10,2021-22,BKN,POR,227.5,222,UNDER,2,True,0.9
2022-01-12,2021-22,MIA,ATL,221.0,206,UNDER,2,True,0.9
2022-01-15,2021-22,TOR,MIL,221.5,199,UNDER,2,True,0.9
2022-01-15,2021-22,LAL,DEN,221.5,229,OVER,6,True,0.9
2022-01-16,2021-22,UTA,DEN,223.5,227,OVER,4,True,0.9
2022-01-17,2021-22,CHI,MEM,224.0,225,OVER,2,True,0.9
2022-01-17,2021-22,MIL,ATL,229.0,235,OVER,8,True,0.9
2022-01-17,2021-22,POR,ORL,214.0,186,UNDER,2,True,0.9
2022-01-17,2021-22,PHX,SAS,223.5,228,OVER,4,True,0.9
2022-01-18,2021-22,MIN,NYK,212.5,222,OVER,6,True,0.9
2022-01-19,2021-22,ORL,PHI,211.5,233,UNDER,6,False,-1.0
2022-01-19,2021-22,POR,MIA,215.5,196,UNDER,4,True,0.9
2022-01-19,2021-22,MIN,ATL,233.0,256,UNDER,2,False,-1.0
2022-01-19,2021-22,MEM,MIL,225.5,240,OVER,8,True,0.9
2022-01-19,2021-22,DET,SAC,220.5,264,OVER,2,True,0.9
2022-01-21,2021-22,HOU,GSW,226.0,208,OVER,8,False,-1.0
2022-01-23,2021-22,LAL,MIA,216.5,220,OVER,4,True,0.9
2022-01-23,2021-22,ATL,Charlotte Bobcats,236.5,204,UNDER,4,True,0.9
2022-01-24,2021-22,UTA,PHX,222.5,224,OVER,2,True,0.9
2022-01-25,2021-22,DAL,GSW,212.0,222,UNDER,2,False,-1.0
2022-01-25,2021-22,MIN,POR,227.5,216,OVER,4,False,-1.0
2022-01-26,2021-22,MIL,CLE,217.5,214,UNDER,4,True,0.9
2022-01-26,2021-22,SAC,ATL,233.0,225,OVER,2,False,-1.0
2022-01-27,2021-22,MIN,GSW,228.0,239,OVER,8,True,0.9
2022-01-28,2021-22,DET,ORL,211.0,222,OVER,4,True,0.9
2022-01-28,2021-22,POR,HOU,232.5,235,UNDER,2,False,-1.0
2022-01-28,2021-22,CHI,SAS,228.0,253,OVER,4,True,0.9
2022-01-29,2021-22,BOS,NOP,213.5,204,UNDER,2,True,0.9
2022-01-29,2021-22,WAS,MEM,227.0,210,UNDER,2,True,0.9
2022-01-30,2021-22,LAC,Charlotte Bobcats,225.0,205,UNDER,4,True,0.9
2022-01-30,2021-22,POR,CHI,229.0,246,OVER,4,True,0.9
2022-01-30,2021-22,DEN,MIL,227.0,236,OVER,4,True,0.9
2022-01-30,2021-22,DAL,ORL,213.0,218,UNDER,6,False,-1.0
2022-01-30,2021-22,SAS,PHX,232.0,225,UNDER,2,True,0.9
2022-01-31,2021-22,POR,OKC,218.5,179,UNDER,4,True,0.9
2022-02-01,2021-22,NOP,DET,214.5,212,UNDER,4,True,0.9
2022-02-02,2021-22,ORL,IND,219.5,237,OVER,2,True,0.9
2022-02-02,2021-22,Charlotte Bobcats,BOS,220.5,220,OVER,4,False,-1.0
2022-02-03,2021-22,MIN,DET,225.5,245,OVER,4,True,0.9
2022-02-03,2021-22,SAC,GSW,221.0,240,OVER,4,True,0.9
2022-02-03,2021-22,MIA,SAS,220.5,207,UNDER,2,True,0.9
2022-02-04,2021-22,BKN,UTA,228.5,227,UNDER,2,True,0.9
2022-02-05,2021-22,NYK,LAL,213.0,237,OVER,4,True,0.9
2022-02-06,2021-22,DET,MIN,229.5,223,OVER,1,False,-1.0
2022-02-06,2021-22,BOS,ORL,216.0,199,UNDER,6,True,0.9
2022-02-06,2021-22,MIL,LAC,227.0,250,OVER,4,True,0.9
2022-02-07,2021-22,TOR,Charlotte Bobcats,225.5,217,UNDER,2,True,0.9
2022-02-08,2021-22,BOS,BKN,216.5,217,UNDER,2,False,-1.0
2022-02-08,2021-22,LAC,MEM,228.0,244,UNDER,6,False,-1.0
2022-02-09,2021-22,TOR,OKC,210.0,215,OVER,8,True,0.9
2022-02-10,2021-22,BKN,WAS,218.5,225,OVER,8,True,0.9
2022-02-12,2021-22,SAS,NOP,225.0,238,OVER,2,True,0.9
2022-02-12,2021-22,SAC,WAS,221.5,233,OVER,4,True,0.9
2022-02-13,2021-22,ATL,BOS,220.5,200,UNDER,8,True,0.9
2022-02-14,2021-22,ORL,DEN,225.0,232,OVER,6,True,0.9
2022-02-14,2021-22,HOU,UTA,229.5,236,OVER,8,True,0.9
2022-02-16,2021-22,ATL,ORL,227.5,239,OVER,4,True,0.9
2022-02-16,2021-22,BKN,NYK,217.5,217,OVER,8,False,-1.0
2022-02-16,2021-22,DET,BOS,215.5,223,OVER,4,True,0.9
2022-02-17,2021-22,PHI,MIL,223.0,243,OVER,2,True,0.9
2022-02-17,2021-22,HOU,LAC,228.5,253,OVER,4,True,0.9
2022-02-25,2021-22,TOR,Charlotte Bobcats,225.5,218,UNDER,2,True,0.9
2022-02-26,2021-22,TOR,ATL,225.5,227,OVER,4,True,0.9
2022-02-27,2021-22,UTA,PHX,227.5,232,OVER,4,True,0.9
2022-02-27,2021-22,LAC,HOU,229.5,197,UNDER,4,True,0.9
2022-02-27,2021-22,DAL,GSW,219.5,208,UNDER,2,True,0.9
2022-02-28,2021-22,SAS,MEM,234.5,223,UNDER,2,True,0.9
2022-03-01,2021-22,ATL,BOS,222.5,205,UNDER,8,True,0.9
2022-03-01,2021-22,LAC,HOU,228.5,213,UNDER,4,True,0.9
2022-03-02,2021-22,IND,ORL,231.5,236,OVER,4,True,0.9
2022-03-02,2021-22,MIA,MIL,227.0,239,OVER,4,True,0.9
2022-03-02,2021-22,SAC,NOP,232.5,220,UNDER,4,True,0.9
2022-03-02,2021-22,OKC,DEN,225.5,226,OVER,8,True,0.9
2022-03-03,2021-22,DET,TOR,216.5,214,UNDER,4,True,0.9
2022-03-03,2021-22,MEM,BOS,224.0,227,OVER,4,True,0.9
2022-03-04,2021-22,IND,DET,230.5,217,OVER,2,False,-1.0
2022-03-04,2021-22,UTA,NOP,226.5,214,OVER,2,False,-1.0
2022-03-05,2021-22,POR,MIN,232.5,256,OVER,2,True,0.9
2022-03-06,2021-22,BKN,BOS,224.5,246,OVER,4,True,0.9
2022-03-06,2021-22,IND,WAS,227.5,256,OVER,2,True,0.9
2022-03-06,2021-22,UTA,OKC,223.5,219,OVER,4,False,-1.0
2022-03-07,2021-22,HOU,MIA,226.0,229,OVER,4,True,0.9
2022-03-07,2021-22,NYK,SAC,228.5,246,OVER,4,True,0.9
2022-03-08,2021-22,NOP,MEM,231.0,243,UNDER,8,False,-1.0
2022-03-08,2021-22,MIL,OKC,230.5,257,UNDER,6,False,-1.0
2022-03-09,2021-22,BOS,Charlotte Bobcats,227.0,216,UNDER,4,True,0.9
2022-03-09,2021-22,PHX,MIA,215.5,201,UNDER,4,True,0.9
2022-03-09,2021-22,OKC,MIN,230.0,234,OVER,2,True,0.9
2022-03-09,2021-22,TOR,SAS,227.5,223,UNDER,2,True,0.9
2022-03-09,2021-22,DEN,SAC,237.0,206,UNDER,2,True,0.9
2022-03-10,2021-22,GSW,DEN,222.5,215,OVER,4,False,-1.0
2022-03-11,2021-22,DET,BOS,215.0,217,OVER,8,True,0.9
2022-03-11,2021-22,LAC,ATL,227.5,218,UNDER,4,True,0.9
2022-03-11,2021-22,DAL,HOU,225.5,213,UNDER,2,True,0.9
2022-03-11,2021-22,UTA,SAS,230.0,206,OVER,2,False,-1.0
2022-03-12,2021-22,MIN,MIA,225.5,217,UNDER,2,True,0.9
2022-03-12,2021-22,MIL,GSW,230.5,231,UNDER,4,False,-1.0
2022-03-13,2021-22,PHI,ORL,223.0,230,OVER,1,True,0.9
2022-03-13,2021-22,MEM,OKC,229.5,243,OVER,2,True,0.9
2022-03-14,2021-22,LAC,CLE,211.5,231,UNDER,1,False,-1.0
2022-03-14,2021-22,WAS,GSW,226.0,238,OVER,2,True,0.9
2022-03-14,2021-22,MIL,UTA,236.0,228,UNDER,2,True,0.9
2022-03-15,2021-22,MEM,IND,233.0,237,OVER,2,True,0.9
2022-03-16,2021-22,ATL,Charlotte Bobcats,237.5,222,UNDER,4,True,0.9
2022-03-18,2021-22,POR,BKN,225.5,251,OVER,2,True,0.9
2022-03-18,2021-22,LAC,UTA,220.0,213,OVER,2,False,-1.0
2022-03-20,2021-22,PHX,SAC,231.5,251,OVER,4,True,0.9
2022-03-20,2021-22,BOS,DEN,221.5,228,OVER,6,True,0.9
2022-03-20,2021-22,SAS,GSW,229.0,218,OVER,8,False,-1.0
2022-03-20,2021-22,TOR,PHI,223.5,181,UNDER,2,True,0.9
2022-03-21,2021-22,POR,DET,224.0,234,OVER,4,True,0.9
2022-03-21,2021-22,NOP,Charlotte Bobcats,234.5,209,UNDER,4,True,0.9
2022-03-21,2021-22,WAS,HOU,234.5,212,UNDER,4,True,0.9
2022-03-21,2021-22,MIN,DAL,230.0,218,UNDER,8,True,0.9
2022-03-22,2021-22,GSW,ORL,218.5,184,UNDER,2,True,0.9
2022-03-22,2021-22,ATL,NYK,226.0,228,OVER,6,True,0.9
2022-03-22,2021-22,LAC,DEN,223.0,242,OVER,2,True,0.9
2022-03-23,2021-22,SAC,IND,238.0,219,UNDER,4,True,0.9
2022-03-23,2021-22,GSW,MIA,215.0,222,UNDER,4,False,-1.0
2022-03-23,2021-22,BKN,MEM,236.5,252,UNDER,1,False,-1.0
2022-03-23,2021-22,UTA,BOS,221.5,222,OVER,4,True,0.9
2022-03-23,2021-22,HOU,DAL,227.0,201,OVER,8,False,-1.0
2022-03-23,2021-22,PHI,LAL,228.5,247,OVER,4,True,0.9
2022-03-24,2021-22,CLE,TOR,214.0,221,UNDER,4,False,-1.0
2022-03-24,2021-22,CHI,NOP,228.5,235,OVER,4,True,0.9
2022-03-25,2021-22,WAS,DET,219.0,197,UNDER,4,True,0.9
2022-03-26,2021-22,OKC,DEN,225.5,220,OVER,8,False,-1.0
2022-03-26,2021-22,HOU,POR,232.0,213,UNDER,2,True,0.9
2022-03-27,2021-22,MIN,BOS,227.0,246,OVER,4,True,0.9
2022-03-28,2021-22,SAC,MIA,220.0,223,OVER,1,True,0.9
2022-03-28,2021-22,GSW,MEM,225.0,218,UNDER,2,True,0.9
2022-03-28,2021-22,OKC,POR,223.0,265,OVER,4,True,0.9
2022-03-29,2021-22,MIL,PHI,226.5,234,OVER,8,True,0.9
2022-03-30,2021-22,ATL,OKC,229.5,254,OVER,2,True,0.9
2022-03-30,2021-22,PHX,GSW,225.5,210,OVER,8,False,-1.0
2022-03-31,2021-22,MIL,BKN,238.0,239,UNDER,2,False,-1.0
2022-04-01,2021-22,TOR,ORL,218.5,191,UNDER,2,True,0.9
2022-04-01,2021-22,IND,BOS,221.5,251,UNDER,4,False,-1.0
2022-04-01,2021-22,SAC,HOU,231.5,239,UNDER,2,False,-1.0
2022-04-01,2021-22,DET,OKC,219.5,211,UNDER,4,True,0.9
2022-04-01,2021-22,PHX,MEM,227.5,236,UNDER,2,False,-1.0
2022-04-02,2021-22,BKN,ATL,242.5,237,UNDER,1,True,0.9
2022-04-02,2021-22,MIA,CHI,220.0,236,UNDER,2,False,-1.0
2022-04-03,2021-22,DAL,MIL,227.5,230,OVER,8,True,0.9
2022-04-03,2021-22,WAS,BOS,220.5,246,UNDER,4,False,-1.0
2022-04-03,2021-22,PHI,CLE,227.5,220,OVER,4,False,-1.0
2022-04-03,2021-22,GSW,SAC,224.0,199,UNDER,2,True,0.9
2022-04-05,2021-22,CLE,ORL,214.5,235,UNDER,2,False,-1.0
2022-04-05,2021-22,WAS,MIN,233.5,246,OVER,2,True,0.9
2022-04-05,2021-22,MIL,CHI,228.5,233,OVER,8,True,0.9
2022-04-06,2021-22,PHX,LAC,228.0,222,UNDER,2,True,0.9
2022-04-07,2021-22,ORL,Charlotte Bobcats,227.0,229,OVER,2,True,0.9
2022-04-07,2021-22,BOS,MIL,226.5,248,OVER,4,True,0.9
2022-04-07,2021-22,LAL,GSW,224.0,240,OVER,5,True,0.9
2022-04-08,2021-22,MIL,DET,228.5,232,OVER,2,True,0.9
2022-04-08,2021-22,HOU,TOR,228.5,232,OVER,8,True,0.9
2022-04-08,2021-22,POR,DAL,221.0,206,OVER,2,False,-1.0
2022-04-08,2021-22,PHX,UTA,226.5,216,OVER,4,False,-1.0
2022-04-10,2021-22,BOS,MEM,227.5,249,UNDER,4,False,-1.0
2022-04-10,2021-22,TOR,NYK,225.5,199,OVER,4,False,-1.0
2022-04-10,2021-22,OKC,LAC,220.5,226,OVER,1,True,0.9
2022-04-15,2021-22,ATL,CLE,226.0,208,OVER,6,False,-1.0
2022-04-16,2021-22,DEN,GSW,225.5,230,OVER,8,True,0.9
2022-04-17,2021-22,CHI,MIL,229.5,179,OVER,4,False,-1.0
2022-04-18,2021-22,TOR,PHI,220.5,209,UNDER,2,True,0.9
2022-04-18,2021-22,DEN,GSW,224.5,232,OVER,2,True,0.9
2022-04-19,2021-22,ATL,MIA,217.0,220,UNDER,1,False,-1.0
2022-04-19,2021-22,NOP,PHX,222.5,239,OVER,1,True,0.9
2022-04-24,2021-22,MIL,CHI,219.0,214,UNDER,4,True,0.9
2022-04-24,2021-22,GSW,DEN,224.0,247,OVER,6,True,0.9
2022-04-24,2021-22,MIA,ATL,221.0,196,UNDER,2,True,0.9
2022-05-01,2021-22,MIL,BOS,218.0,190,UNDER,4,True,0.9
2022-05-03,2021-22,MIL,BOS,215.0,195,UNDER,4,True,0.9
2022-05-07,2021-22,BOS,MIL,213.0,204,UNDER,2,True,0.9
2022-05-07,2021-22,MEM,GSW,226.5,254,OVER,8,True,0.9
2022-05-09,2021-22,BOS,MIL,210.0,224,UNDER,2,False,-1.0
2022-05-10,2021-22,PHI,MIA,210.0,205,OVER,4,False,-1.0
2022-05-11,2021-22,GSW,MEM,219.5,229,UNDER,2,False,-1.0
2022-05-13,2021-22,BOS,MIL,212.0,203,UNDER,2,True,0.9
2022-06-06,2021-22,BOS,GSW,212.5,195,UNDER,2,True,0.9
2022-06-13,2021-22,BOS,GSW,212.5,198,UNDER,2,True,0.9
2022-10-19,2022-23,ORL,DET,215.5,222,OVER,4,True,0.9
2022-10-19,2022-23,OKC,MIN,225.5,223,UNDER,2,True,0.9
2022-10-19,2022-23,DAL,PHX,219.5,212,UNDER,1,True,0.9
2022-10-20,2022-23,MIL,PHI,225.0,178,OVER,8,False,-1.0
2022-10-21,2022-23,SAS,IND,231.5,271,OVER,2,True,0.9
2022-10-21,2022-23,TOR,BKN,226.0,214,UNDER,2,True,0.9
2022-10-21,2022-23,MEM,HOU,231.0,251,OVER,4,True,0.9
2022-10-21,2022-23,DEN,GSW,238.5,251,UNDER,2,False,-1.0
2022-10-22,2022-23,HOU,MIL,228.0,230,OVER,4,True,0.9
2022-10-22,2022-23,TOR,MIA,216.5,221,OVER,2,True,0.9
2022-10-22,2022-23,LAC,SAC,225.0,220,UNDER,8,True,0.9
2022-10-23,2022-23,UTA,NOP,232.0,243,OVER,4,True,0.9
2022-10-24,2022-23,TOR,MIA,216.5,188,OVER,4,False,-1.0
2022-10-24,2022-23,UTA,HOU,234.0,222,UNDER,2,True,0.9
2022-10-24,2022-23,SAS,MIN,233.5,221,UNDER,2,True,0.9
2022-10-24,2022-23,DEN,POR,223.5,245,OVER,2,True,0.9
2022-10-25,2022-23,DET,WAS,215.5,219,UNDER,1,False,-1.0
2022-10-25,2022-23,GSW,PHX,227.0,239,OVER,4,True,0.9
2022-10-26,2022-23,BKN,MIL,225.5,209,OVER,4,False,-1.0
2022-10-26,2022-23,SAS,MIN,234.5,256,UNDER,2,False,-1.0
2022-10-26,2022-23,MIA,POR,223.5,217,UNDER,2,True,0.9
2022-10-27,2022-23,DAL,BKN,225.5,254,OVER,4,True,0.9
2022-10-27,2022-23,MIA,GSW,227.0,233,OVER,8,True,0.9
2022-10-28,2022-23,ATL,DET,229.5,248,OVER,4,True,0.9
2022-10-28,2022-23,IND,WAS,229.0,244,OVER,2,True,0.9
2022-10-29,2022-23,ATL,MIL,228.5,238,OVER,4,True,0.9
2022-10-29,2022-23,MEM,UTA,225.5,247,OVER,2,True,0.9
2022-10-30,2022-23,NOP,LAC,226.5,203,UNDER,4,True,0.9
2022-10-30,2022-23,HOU,PHX,227.5,233,OVER,9,True,0.9
2022-10-30,2022-23,DEN,LAL,228.5,231,OVER,2,True,0.9
2022-10-31,2022-23,SAC,CHA,231.5,223,UNDER,2,True,0.9
2022-10-31,2022-23,ATL,TOR,222.5,248,OVER,4,True,0.9
2022-11-01,2022-23,ORL,OKC,216.5,224,UNDER,5,False,-1.0
2022-11-02,2022-23,UTA,DAL,222.5,203,OVER,2,False,-1.0
2022-11-02,2022-23,MEM,POR,228.0,217,OVER,4,False,-1.0
2022-11-03,2022-23,GSW,ORL,226.0,259,UNDER,2,False,-1.0
2022-11-04,2022-23,MIL,MIN,225.5,217,UNDER,2,True,0.9
2022-11-04,2022-23,UTA,LAL,229.0,246,OVER,2,True,0.9
2022-11-06,2022-23,CHI,TOR,219.5,217,UNDER,1,True,0.9
2022-11-07,2022-23,NOP,IND,241.5,251,UNDER,2,False,-1.0
2022-11-07,2022-23,MIL,ATL,226.5,215,OVER,8,False,-1.0
2022-11-07,2022-23,BOS,MEM,227.5,215,UNDER,4,True,0.9
2022-11-09,2022-23,DAL,ORL,213.0,181,UNDER,2,True,0.9
2022-11-09,2022-23,DEN,IND,235.5,241,UNDER,6,False,-1.0
2022-11-09,2022-23,MIL,OKC,214.0,268,UNDER,2,False,-1.0
2022-11-09,2022-23,MEM,SAS,234.0,246,OVER,2,True,0.9
2022-11-09,2022-23,CLE,SAC,228.5,247,OVER,2,True,0.9
2022-11-10,2022-23,CHA,MIA,212.5,229,OVER,2,True,0.9
2022-11-11,2022-23,PHX,ORL,215.0,211,UNDER,2,True,0.9
2022-11-11,2022-23,SAC,LAL,233.0,234,UNDER,2,False,-1.0
2022-11-12,2022-23,ATL,PHI,223.0,230,OVER,4,True,0.9
2022-11-12,2022-23,CHA,MIA,215.0,247,UNDER,4,False,-1.0
2022-11-13,2022-23,UTA,PHI,218.0,203,UNDER,1,True,0.9
2022-11-13,2022-23,GSW,SAC,236.5,237,OVER,4,True,0.9
2022-11-13,2022-23,BKN,LAL,217.5,219,OVER,2,True,0.9
2022-11-14,2022-23,ATL,MIL,225.5,227,OVER,4,True,0.9
2022-11-14,2022-23,SAS,GSW,234.0,227,UNDER,2,True,0.9
2022-11-15,2022-23,BKN,SAC,226.0,274,OVER,4,True,0.9
2022-11-16,2022-23,MIA,TOR,216.0,216,UNDER,3,False,-1.0
2022-11-16,2022-23,CLE,MIL,218.5,211,UNDER,2,True,0.9
2022-11-16,2022-23,CHI,NOP,226.5,234,OVER,4,True,0.9
2022-11-16,2022-23,GSW,PHX,227.0,249,OVER,8,True,0.9
2022-11-16,2022-23,NYK,DEN,226.5,209,OVER,2,False,-1.0
2022-11-18,2022-23,CHA,CLE,216.5,254,OVER,4,True,0.9
2022-11-18,2022-23,IND,HOU,236.0,190,UNDER,2,True,0.9
2022-11-18,2022-23,BOS,NOP,234.5,226,UNDER,4,True,0.9
2022-11-18,2022-23,DET,LAL,225.5,249,OVER,2,True,0.9
2022-11-19,2022-23,UTA,POR,228.0,231,OVER,4,True,0.9
2022-11-19,2022-23,SAS,LAC,220.5,216,UNDER,6,True,0.9
2022-11-21,2022-23,ATL,CLE,228.0,216,OVER,2,False,-1.0
2022-11-21,2022-23,BOS,CHI,229.5,228,OVER,4,False,-1.0
2022-11-22,2022-23,DET,DEN,227.0,218,OVER,6,False,-1.0
2022-11-23,2022-23,MIN,IND,232.5,216,OVER,2,False,-1.0
2022-11-23,2022-23,LAC,GSW,223.0,231,OVER,4,True,0.9
2022-11-25,2022-23,MIN,CHA,227.0,218,UNDER,4,True,0.9
2022-11-25,2022-23,ATL,HOU,231.5,250,OVER,2,True,0.9
2022-11-25,2022-23,BKN,IND,233.5,245,OVER,2,True,0.9
2022-11-25,2022-23,LAL,SAS,235.0,199,UNDER,2,True,0.9
2022-11-25,2022-23,WAS,MIA,215.5,217,OVER,4,True,0.9
2022-11-25,2022-23,DEN,LAC,218.5,218,UNDER,1,True,0.9
2022-11-26,2022-23,OKC,HOU,231.5,223,UNDER,2,True,0.9
2022-11-28,2022-23,ATL,PHI,221.0,205,OVER,2,False,-1.0
2022-11-28,2022-23,CLE,TOR,218.0,188,UNDER,4,True,0.9
2022-11-28,2022-23,HOU,DEN,228.5,242,OVER,14,True,0.9
2022-11-28,2022-23,IND,LAL,237.5,231,UNDER,6,True,0.9
2022-11-29,2022-23,NYK,DET,226.5,250,OVER,4,True,0.9
2022-11-30,2022-23,MEM,MIN,217.5,210,OVER,2,False,-1.0
2022-12-02,2022-23,DEN,ATL,225.5,226,OVER,4,True,0.9
2022-12-02,2022-23,NOP,SAS,232.5,216,OVER,4,False,-1.0
2022-12-02,2022-23,HOU,PHX,229.5,243,OVER,8,True,0.9
2022-12-03,2022-23,MIL,CHA,219.5,201,UNDER,2,True,0.9
2022-12-04,2022-23,PHX,SAS,230.5,228,OVER,4,False,-1.0
2022-12-04,2022-23,BOS,BKN,229.5,195,UNDER,4,True,0.9
2022-12-04,2022-23,MEM,DET,228.5,234,OVER,4,True,0.9
2022-12-05,2022-23,BOS,TOR,228.5,226,UNDER,2,True,0.9
2022-12-05,2022-23,PHX,DAL,223.0,241,UNDER,4,False,-1.0
2022-12-06,2022-23,DET,MIA,218.5,212,UNDER,6,True,0.9
2022-12-06,2022-23,DAL,DEN,224.0,231,OVER,6,True,0.9
2022-12-07,2022-23,LAC,ORL,216.5,227,UNDER,4,False,-1.0
2022-12-08,2022-23,DEN,POR,227.5,241,OVER,2,True,0.9
2022-12-09,2022-23,WAS,IND,232.0,232,UNDER,4,False,-1.0
2022-12-10,2022-23,UTA,DEN,228.5,225,OVER,6,False,-1.0
2022-12-11,2022-23,MIL,HOU,227.0,189,OVER,4,False,-1.0
2022-12-12,2022-23,MIA,IND,229.0,169,OVER,2,False,-1.0
2022-12-12,2022-23,MIN,POR,229.5,245,OVER,4,True,0.9
2022-12-13,2022-23,NOP,UTA,232.5,221,OVER,4,False,-1.0
2022-12-13,2022-23,BOS,LAL,237.0,240,UNDER,4,False,-1.0
2022-12-14,2022-23,GSW,IND,228.5,244,OVER,2,True,0.9
2022-12-14,2022-23,SAC,TOR,232.0,247,UNDER,2,False,-1.0
2022-12-14,2022-23,MIN,LAC,221.5,187,UNDER,6,True,0.9
2022-12-15,2022-23,MIL,MEM,226.5,243,OVER,8,True,0.9
2022-12-15,2022-23,NOP,UTA,232.0,261,OVER,4,True,0.9
2022-12-16,2022-23,ATL,CHA,239.5,231,UNDER,4,True,0.9
2022-12-17,2022-23,UTA,MIL,227.0,220,UNDER,2,True,0.9
2022-12-17,2022-23,MEM,OKC,230.0,224,UNDER,2,True,0.9
2022-12-18,2022-23,ORL,BOS,223.0,187,UNDER,4,True,0.9
2022-12-18,2022-23,WAS,LAL,237.0,236,UNDER,6,True,0.9
2022-12-19,2022-23,ORL,ATL,230.0,251,OVER,2,True,0.9
2022-12-19,2022-23,MIL,NOP,228.0,247,UNDER,2,False,-1.0
2022-12-20,2022-23,MEM,DEN,235.0,196,UNDER,1,True,0.9
2022-12-21,2022-23,IND,BOS,232.0,229,UNDER,4,True,0.9
2022-12-22,2022-23,WAS,UTA,232.0,232,UNDER,8,False,-1.0
2022-12-23,2022-23,SAS,ORL,228.0,246,OVER,4,True,0.9
2022-12-23,2022-23,DET,ATL,233.5,235,OVER,2,True,0.9
2022-12-23,2022-23,IND,MIA,224.5,219,UNDER,4,True,0.9
2022-12-23,2022-23,MEM,PHX,226.0,225,UNDER,2,True,0.9
2022-12-25,2022-23,PHI,NYK,215.5,231,OVER,4,True,0.9
2022-12-25,2022-23,MIL,BOS,226.5,257,OVER,4,True,0.9
2022-12-25,2022-23,MEM,GSW,233.0,232,OVER,2,False,-1.0
2022-12-25,2022-23,PHX,DEN,229.0,253,UNDER,2,False,-1.0
2022-12-26,2022-23,LAC,DET,222.5,273,OVER,6,True,0.9
2022-12-26,2022-23,IND,NOP,234.0,206,OVER,4,False,-1.0
2022-12-27,2022-23,ATL,IND,238.5,243,UNDER,1,False,-1.0
2022-12-27,2022-23,HOU,BOS,229.5,228,OVER,5,False,-1.0
2022-12-27,2022-23,DEN,SAC,237.0,219,UNDER,6,True,0.9
2022-12-28,2022-23,MIL,CHI,231.0,232,UNDER,4,False,-1.0
2022-12-29,2022-23,HOU,DAL,226.5,243,OVER,8,True,0.9
2022-12-30,2022-23,MIN,MIL,229.0,237,OVER,8,True,0.9
2022-12-30,2022-23,MIA,DEN,224.5,243,OVER,6,True,0.9
2022-12-31,2022-23,LAC,IND,231.5,261,OVER,2,True,0.9
2023-01-02,2022-23,CHI,CLE,225.0,279,OVER,4,True,0.9
2023-01-02,2022-23,TOR,IND,233.0,236,OVER,4,True,0.9
2023-01-02,2022-23,ATL,GSW,236.5,284,UNDER,5,False,-1.0
2023-01-03,2022-23,WAS,MIL,232.5,236,OVER,4,True,0.9
2023-01-04,2022-23,IND,PHI,233.5,255,OVER,2,True,0.9
2023-01-04,2022-23,SAS,NYK,225.0,231,OVER,1,True,0.9
2023-01-05,2022-23,MEM,ORL,230.5,238,OVER,2,True,0.9
2023-01-05,2022-23,UTA,HOU,231.5,245,OVER,4,True,0.9
2023-01-08,2022-23,PHI,DET,229.5,234,OVER,4,True,0.9
2023-01-08,2022-23,CHA,IND,240.0,227,UNDER,2,True,0.9
2023-01-08,2022-23,BKN,MIA,223.0,203,UNDER,2,True,0.9
2023-01-08,2022-23,DAL,OKC,227.0,229,OVER,2,True,0.9
2023-01-09,2022-23,MIL,NYK,218.5,218,OVER,4,False,-1.0
2023-01-10,2022-23,DET,PHI,225.5,263,OVER,1,True,0.9
2023-01-10,2022-23,OKC,MIA,221.0,223,OVER,4,True,0.9
2023-01-10,2022-23,CLE,UTA,226.5,230,OVER,6,True,0.9
2023-01-10,2022-23,PHX,GSW,230.5,238,OVER,4,True,0.9
2023-01-11,2022-23,IND,NYK,226.5,232,OVER,6,True,0.9
2023-01-11,2022-23,MIL,ATL,227.5,219,OVER,8,False,-1.0
2023-01-11,2022-23,NOP,BOS,230.0,239,UNDER,4,False,-1.0
2023-01-11,2022-23,PHX,DEN,227.0,223,OVER,6,False,-1.0
2023-01-13,2022-23,NOP,DET,234.5,226,UNDER,4,True,0.9
2023-01-14,2022-23,PHI,UTA,231.0,235,OVER,2,True,0.9
2023-01-14,2022-23,DAL,POR,227.5,255,OVER,8,True,0.9
2023-01-15,2022-23,NYK,DET,224.5,221,UNDER,2,True,0.9
2023-01-16,2022-23,IND,MIL,228.0,251,OVER,6,True,0.9
2023-01-16,2022-23,MIA,ATL,223.0,234,UNDER,2,False,-1.0
2023-01-16,2022-23,PHX,MEM,231.5,242,OVER,4,True,0.9
2023-01-18,2022-23,MIA,NOP,219.5,222,OVER,4,True,0.9
2023-01-18,2022-23,SAC,LAL,245.0,227,UNDER,1,True,0.9
2023-01-21,2022-23,CHA,ATL,234.5,240,OVER,2,True,0.9
2023-01-21,2022-23,MIL,CLE,217.5,216,UNDER,4,True,0.9
2023-01-21,2022-23,IND,PHX,229.0,219,OVER,4,False,-1.0
2023-01-22,2022-23,NOP,MIA,218.0,196,UNDER,4,True,0.9
2023-01-23,2022-23,ATL,CHI,241.0,211,UNDER,1,True,0.9
2023-01-23,2022-23,MIN,HOU,232.0,233,OVER,2,True,0.9
2023-01-24,2022-23,CHI,IND,234.5,226,OVER,2,False,-1.0
2023-01-25,2022-23,IND,ORL,234.5,246,OVER,2,True,0.9
2023-01-25,2022-23,ATL,OKC,238.5,269,UNDER,1,False,-1.0
2023-01-25,2022-23,WAS,HOU,233.5,211,UNDER,2,True,0.9
2023-01-26,2022-23,NYK,BOS,221.5,237,UNDER,2,False,-1.0
2023-01-27,2022-23,MIL,IND,239.0,272,OVER,2,True,0.9
2023-01-27,2022-23,MEM,MIN,236.0,211,UNDER,1,True,0.9
2023-01-27,2022-23,ORL,MIA,219.0,215,UNDER,4,True,0.9
2023-01-27,2022-23,TOR,GSW,234.0,246,UNDER,2,False,-1.0
2023-01-28,2022-23,WAS,NOP,231.0,216,UNDER,8,True,0.9
2023-01-28,2022-23,SAC,MIN,237.5,227,UNDER,1,True,0.9
2023-01-28,2022-23,LAL,BOS,234.0,246,UNDER,4,False,-1.0
2023-01-28,2022-23,TOR,POR,231.5,228,UNDER,4,True,0.9
2023-01-29,2022-23,MIA,CHA,224.0,239,UNDER,4,False,-1.0
2023-01-29,2022-23,LAC,CLE,214.0,221,OVER,2,True,0.9
2023-01-30,2022-23,SAC,MIN,237.5,229,UNDER,1,True,0.9
2023-01-31,2022-23,LAC,CHI,225.5,211,UNDER,8,True,0.9
2023-02-01,2022-23,OKC,HOU,230.5,218,OVER,2,False,-1.0
2023-02-01,2022-23,TOR,UTA,230.5,259,OVER,4,True,0.9
2023-02-02,2022-23,LAL,IND,240.5,223,UNDER,2,True,0.9
2023-02-02,2022-23,MIA,NYK,212.5,210,OVER,4,False,-1.0
2023-02-02,2022-23,NOP,DAL,223.0,217,UNDER,4,True,0.9
2023-02-03,2022-23,SAC,IND,235.5,211,UNDER,1,True,0.9
2023-02-03,2022-23,PHX,BOS,220.5,200,UNDER,4,True,0.9
2023-02-03,2022-23,TOR,HOU,223.0,228,UNDER,2,False,-1.0
2023-02-03,2022-23,ORL,MIN,229.5,247,UNDER,4,False,-1.0
2023-02-03,2022-23,ATL,UTA,242.0,223,UNDER,1,True,0.9
2023-02-04,2022-23,HOU,OKC,231.5,274,UNDER,6,False,-1.0
2023-02-04,2022-23,ATL,DEN,229.0,236,OVER,6,True,0.9
2023-02-05,2022-23,CLE,IND,228.5,225,OVER,4,False,-1.0
2023-02-05,2022-23,TOR,MEM,228.0,209,UNDER,2,True,0.9
2023-02-05,2022-23,SAC,NOP,228.0,240,OVER,2,True,0.9
2023-02-07,2022-23,ATL,NOP,237.0,223,UNDER,4,True,0.9
2023-02-08,2022-23,DET,CLE,216.5,198,UNDER,4,True,0.9
2023-02-08,2022-23,DAL,LAC,220.5,214,UNDER,6,True,0.9
2023-02-09,2022-23,PHX,ATL,225.5,223,UNDER,2,True,0.9
2023-02-10,2022-23,NYK,PHI,222.5,227,UNDER,2,False,-1.0
2023-02-10,2022-23,MIL,LAC,228.5,225,UNDER,4,True,0.9
2023-02-11,2022-23,IND,WAS,237.0,240,OVER,2,True,0.9
2023-02-12,2022-23,MEM,BOS,225.0,228,OVER,6,True,0.9
2023-02-13,2022-23,UTA,IND,242.0,240,UNDER,3,True,0.9
2023-02-13,2022-23,HOU,PHI,226.5,227,OVER,8,True,0.9
2023-02-13,2022-23,BKN,NYK,218.5,230,OVER,8,True,0.9
2023-02-13,2022-23,WAS,GSW,233.5,261,UNDER,4,False,-1.0
2023-02-14,2022-23,BOS,MIL,226.5,256,OVER,4,True,0.9
2023-02-14,2022-23,GSW,LAC,229.5,258,UNDER,2,False,-1.0
2023-02-15,2022-23,DET,BOS,227.5,236,OVER,1,True,0.9
2023-02-15,2022-23,NOP,LAL,235.0,222,UNDER,6,True,0.9
2023-02-16,2022-23,WAS,MIN,233.0,220,UNDER,4,True,0.9
2023-02-23,2022-23,MEM,PHI,228.5,215,OVER,4,False,-1.0
2023-02-23,2022-23,OKC,UTA,239.5,239,UNDER,1,True,0.9
2023-02-24,2022-23,CLE,ATL,228.5,255,OVER,6,True,0.9
2023-02-25,2022-23,IND,ORL,230.5,229,OVER,2,False,-1.0
2023-02-25,2022-23,MIA,CHA,227.5,211,UNDER,2,True,0.9
2023-02-25,2022-23,DEN,MEM,235.5,206,UNDER,2,True,0.9
2023-02-25,2022-23,BOS,PHI,225.5,217,UNDER,4,True,0.9
2023-02-26,2022-23,MIN,GSW,237.0,213,UNDER,1,True,0.9
2023-02-26,2022-23,LAC,DEN,236.5,258,UNDER,2,False,-1.0
2023-02-28,2022-23,CHI,TOR,218.5,202,UNDER,4,True,0.9
2023-02-28,2022-23,WAS,ATL,233.5,235,OVER,6,True,0.9
2023-03-01,2022-23,CHI,DET,222.5,232,OVER,6,True,0.9
2023-03-01,2022-23,PHI,MIA,216.5,215,OVER,4,False,-1.0
2023-03-01,2022-23,ORL,MIL,229.0,256,OVER,2,True,0.9
2023-03-03,2022-23,BKN,BOS,227.5,220,UNDER,2,True,0.9
2023-03-03,2022-23,NYK,MIA,216.5,242,OVER,4,True,0.9
2023-03-03,2022-23,MEM,DEN,234.5,210,OVER,2,False,-1.0
2023-03-04,2022-23,ATL,MIA,227.0,226,OVER,2,False,-1.0
2023-03-05,2022-23,PHX,DAL,234.0,256,UNDER,4,False,-1.0
2023-03-05,2022-23,IND,CHI,227.0,247,OVER,2,True,0.9
2023-03-05,2022-23,MIL,WAS,233.5,228,UNDER,2,True,0.9
2023-03-05,2022-23,NYK,BOS,225.5,260,OVER,4,True,0.9
2023-03-06,2022-23,PHI,IND,235.5,290,OVER,2,True,0.9
2023-03-07,2022-23,WAS,DET,222.5,236,OVER,1,True,0.9
2023-03-07,2022-23,MIL,ORL,227.5,257,UNDER,2,False,-1.0
2023-03-07,2022-23,BKN,HOU,230.5,214,OVER,2,False,-1.0
2023-03-09,2022-23,GSW,MEM,236.0,241,OVER,4,True,0.9
2023-03-10,2022-23,BKN,MIN,226.0,247,UNDER,2,False,-1.0
2023-03-10,2022-23,CLE,MIA,211.5,234,OVER,4,True,0.9
2023-03-12,2022-23,CLE,CHA,219.5,222,OVER,4,True,0.9
2023-03-14,2022-23,DET,WAS,222.5,214,OVER,1,False,-1.0
2023-03-14,2022-23,DEN,TOR,228.5,235,OVER,2,True,0.9
2023-03-14,2022-23,NYK,POR,229.0,230,OVER,8,True,0.9
2023-03-14,2022-23,MIL,PHX,231.5,220,UNDER,2,True,0.9
2023-03-15,2022-23,MEM,MIA,218.5,257,OVER,4,True,0.9
2023-03-15,2022-23,LAL,HOU,233.0,224,UNDER,2,True,0.9
2023-03-15,2022-23,DAL,SAS,225.5,265,OVER,4,True,0.9
2023-03-16,2022-23,ORL,PHX,228.5,229,OVER,2,True,0.9
2023-03-17,2022-23,GSW,ATL,250.5,246,OVER,2,False,-1.0
2023-03-18,2022-23,PHI,IND,230.0,262,OVER,2,True,0.9
2023-03-19,2022-23,DEN,BKN,228.5,210,UNDER,2,True,0.9
2023-03-19,2022-23,MIA,DET,219.5,212,OVER,2,False,-1.0
2023-03-20,2022-23,MIN,NYK,228.0,274,OVER,4,True,0.9
2023-03-20,2022-23,DAL,MEM,227.5,220,OVER,4,False,-1.0
2023-03-21,2022-23,CLE,BKN,217.0,224,OVER,4,True,0.9
2023-03-22,2022-23,GSW,DAL,235.5,252,OVER,4,True,0.9
2023-03-22,2022-23,ATL,MIN,241.5,249,OVER,2,True,0.9
2023-03-22,2022-23,PHX,LAL,227.5,233,OVER,4,True,0.9
2023-03-23,2022-23,CLE,BKN,219.0,230,OVER,4,True,0.9
2023-03-24,2022-23,DET,TOR,223.0,215,OVER,1,False,-1.0
2023-03-25,2022-23,BKN,MIA,221.0,229,UNDER,4,False,-1.0
2023-03-25,2022-23,MIL,DEN,237.0,235,UNDER,4,True,0.9
2023-03-26,2022-23,HOU,CLE,228.0,199,OVER,10,False,-1.0
2023-03-26,2022-23,MEM,ATL,248.0,242,UNDER,1,True,0.9
2023-03-26,2022-23,OKC,POR,232.5,230,UNDER,4,True,0.9
2023-03-27,2022-23,HOU,NYK,228.5,252,OVER,4,True,0.9
2023-03-27,2022-23,PHI,DEN,227.5,227,OVER,6,False,-1.0
2023-03-28,2022-23,BOS,WAS,222.5,241,OVER,1,True,0.9
2023-03-28,2022-23,ORL,MEM,229.0,221,UNDER,2,True,0.9
2023-03-29,2022-23,DAL,PHI,233.0,224,OVER,2,False,-1.0
2023-03-30,2022-23,NOP,DEN,225.5,195,OVER,2,False,-1.0
2023-03-31,2022-23,OKC,IND,243.0,238,UNDER,2,True,0.9
2023-03-31,2022-23,DET,HOU,228.5,236,OVER,4,True,0.9
2023-03-31,2022-23,DEN,PHX,223.5,193,OVER,1,False,-1.0
2023-04-01,2022-23,DAL,MIA,224.5,251,UNDER,2,False,-1.0
2023-04-02,2022-23,TOR,CHA,219.0,236,OVER,4,True,0.9
2023-04-02,2022-23,IND,CLE,231.0,220,UNDER,4,True,0.9
2023-04-04,2022-23,MIA,DET,216.5,223,OVER,2,True,0.9
2023-04-05,2022-23,NYK,IND,229.5,267,OVER,6,True,0.9
2023-04-05,2022-23,CHI,MIL,226.5,197,OVER,2,False,-1.0
2023-04-06,2022-23,CLE,ORL,214.0,212,UNDER,6,True,0.9
2023-04-06,2022-23,POR,SAS,228.0,256,OVER,4,True,0.9
2023-04-06,2022-23,DEN,PHX,222.5,234,OVER,1,True,0.9
2023-04-07,2022-23,MIA,WAS,218.0,222,OVER,4,True,0.9
2023-04-07,2022-23,NYK,NOP,223.5,218,UNDER,2,True,0.9
2023-04-07,2022-23,PHX,LAL,225.0,228,OVER,2,True,0.9
2023-04-08,2022-23,DEN,UTA,229.0,232,OVER,4,True,0.9
2023-04-08,2022-23,MIN,SAS,234.0,282,OVER,2,True,0.9
2023-04-09,2022-23,ATL,BOS,223.5,234,OVER,4,True,0.9
2023-04-09,2022-23,HOU,WAS,231.0,223,UNDER,4,True,0.9
2023-04-09,2022-23,CHA,CLE,216.5,201,UNDER,1,True,0.9
2023-04-09,2022-23,ORL,MIA,217.5,233,OVER,2,True,0.9
2023-04-09,2022-23,LAC,PHX,225.0,233,OVER,2,True,0.9
2023-04-11,2022-23,ATL,MIA,227.5,221,UNDER,2,True,0.9
2023-04-14,2022-23,OKC,MIN,228.5,215,UNDER,4,True,0.9
2023-04-15,2022-23,GSW,SAC,237.0,249,UNDER,1,False,-1.0
2023-04-16,2022-23,MIN,DEN,225.0,189,OVER,4,False,-1.0
2023-04-17,2022-23,BKN,PHI,212.5,180,UNDER,6,True,0.9
2023-04-18,2022-23,NYK,CLE,214.0,197,UNDER,1,True,0.9
2023-04-20,2022-23,PHX,LAC,225.5,253,UNDER,2,False,-1.0
2023-04-21,2022-23,BOS,ATL,229.0,252,OVER,4,True,0.9
2023-04-22,2022-23,PHX,LAC,227.5,212,UNDER,2,True,0.9
2023-04-22,2022-23,MIL,MIA,215.0,220,UNDER,2,False,-1.0
2023-04-23,2022-23,BOS,ATL,231.0,250,OVER,2,True,0.9
2023-04-23,2022-23,DEN,MIN,222.5,222,OVER,4,False,-1.0
2023-04-26,2022-23,MIA,MIL,217.5,254,OVER,2,True,0.9
2023-04-27,2022-23,BOS,ATL,230.5,248,OVER,2,True,0.9
2023-04-30,2022-23,GSW,SAC,229.5,220,OVER,4,False,-1.0
2023-05-01,2022-23,PHI,BOS,215.0,234,OVER,8,True,0.9
2023-05-02,2022-23,LAL,GSW,227.5,229,OVER,8,True,0.9
2023-05-03,2022-23,PHI,BOS,213.5,208,OVER,8,False,-1.0
2023-05-04,2022-23,LAL,GSW,226.5,227,OVER,8,True,0.9
2023-05-07,2022-23,DEN,PHX,226.0,253,OVER,4,True,0.9
2023-05-11,2022-23,DEN,PHX,226.0,225,OVER,4,False,-1.0
2023-05-19,2022-23,MIA,BOS,211.5,216,OVER,10,True,0.9
2023-05-20,2022-23,DEN,LAL,222.5,227,OVER,2,True,0.9
2023-05-21,2022-23,BOS,MIA,218.5,230,UNDER,2,False,-1.0
2023-05-27,2022-23,BOS,MIA,214.5,207,UNDER,2,True,0.9
2023-10-25,2023-24,BOS,NYK,223.0,212,OVER,4,False,-1.0
2023-10-25,2023-24,WAS,IND,235.5,263,UNDER,4,False,-1.0
2023-10-25,2023-24,DET,MIA,218.5,205,UNDER,8,True,0.9
2023-10-25,2023-24,OKC,CHI,224.5,228,OVER,4,True,0.9
2023-10-25,2023-24,SAC,UTA,234.0,244,OVER,4,True,0.9
2023-10-26,2023-24,PHI,MIL,228.5,235,OVER,8,True,0.9
2023-10-27,2023-24,NYK,ATL,229.0,246,OVER,8,True,0.9
2023-10-27,2023-24,HOU,SAS,224.5,248,OVER,4,True,0.9
2023-10-27,2023-24,LAC,UTA,227.5,238,OVER,2,True,0.9
2023-10-27,2023-24,GSW,SAC,237.5,236,OVER,4,False,-1.0
2023-10-28,2023-24,CHI,DET,213.5,220,OVER,2,True,0.9
2023-10-28,2023-24,MIA,MIN,214.5,196,UNDER,2,True,0.9
2023-10-28,2023-24,UTA,PHX,223.0,230,OVER,2,True,0.9
2023-10-29,2023-24,POR,PHI,217.0,224,UNDER,2,False,-1.0
2023-10-29,2023-24,LAL,SAC,235.5,259,UNDER,1,False,-1.0
2023-10-30,2023-24,MIN,ATL,228.0,240,OVER,6,True,0.9
2023-10-30,2023-24,MIA,MIL,226.0,236,OVER,2,True,0.9
2023-10-30,2023-24,DET,OKC,224.5,236,OVER,2,True,0.9
2023-10-30,2023-24,ORL,LAL,219.5,209,OVER,4,False,-1.0
2023-11-01,2023-24,BKN,MIA,222.5,214,UNDER,4,True,0.9
2023-11-01,2023-24,DEN,MIN,219.5,199,OVER,2,False,-1.0
2023-11-01,2023-24,CHI,DAL,220.5,219,UNDER,4,True,0.9
2023-11-01,2023-24,SAC,GSW,228.0,203,OVER,8,False,-1.0
2023-11-02,2023-24,SAS,PHX,229.5,253,OVER,1,True,0.9
2023-11-03,2023-24,CLE,IND,230.5,237,OVER,4,True,0.9
2023-11-03,2023-24,GSW,OKC,225.0,280,OVER,4,True,0.9
2023-11-04,2023-24,PHX,PHI,220.5,212,UNDER,2,True,0.9
2023-11-04,2023-24,ATL,NOP,237.5,228,UNDER,4,True,0.9
2023-11-05,2023-24,TOR,SAS,222.0,239,OVER,4,True,0.9
2023-11-05,2023-24,MEM,POR,219.0,212,UNDER,1,True,0.9
2023-11-06,2023-24,UTA,CHI,234.5,243,OVER,2,True,0.9
2023-11-06,2023-24,BOS,MIN,217.5,223,OVER,2,True,0.9
2023-11-08,2023-24,UTA,IND,243.0,252,UNDER,2,False,-1.0
2023-11-08,2023-24,BOS,PHI,229.5,209,UNDER,4,True,0.9
2023-11-08,2023-24,DET,MIL,227.0,238,OVER,1,True,0.9
2023-11-08,2023-24,NOP,MIN,216.0,223,UNDER,2,False,-1.0
2023-11-09,2023-24,MIL,IND,239.5,250,UNDER,2,False,-1.0
2023-11-10,2023-24,BKN,BOS,229.5,228,UNDER,2,True,0.9
2023-11-10,2023-24,MIN,SAS,225.0,227,OVER,4,True,0.9
2023-11-11,2023-24,MIL,ORL,226.5,209,UNDER,2,True,0.9
2023-11-11,2023-24,TOR,BOS,222.5,211,UNDER,2,True,0.9
2023-11-12,2023-24,WAS,BKN,233.5,196,UNDER,8,True,0.9
2023-11-12,2023-24,MEM,LAC,224.5,206,UNDER,6,True,0.9
2023-11-13,2023-24,NYK,BOS,220.0,212,UNDER,2,True,0.9
2023-11-13,2023-24,CLE,SAC,229.0,252,OVER,4,True,0.9
2023-11-14,2023-24,MIA,CHA,221.5,216,UNDER,4,True,0.9
2023-11-14,2023-24,MIN,GSW,215.5,205,UNDER,5,True,0.9
2023-11-15,2023-24,BOS,PHI,228.5,224,UNDER,4,True,0.9
2023-11-15,2023-24,NYK,ATL,229.0,230,OVER,2,True,0.9
2023-11-16,2023-24,BKN,MIA,214.5,237,OVER,12,True,0.9
2023-11-17,2023-24,PHI,ATL,238.5,242,UNDER,4,False,-1.0
2023-11-17,2023-24,ORL,CHI,215.5,200,OVER,4,False,-1.0
2023-11-17,2023-24,HOU,LAC,221.5,206,UNDER,6,True,0.9
2023-11-18,2023-24,DAL,MIL,247.5,257,UNDER,1,False,-1.0
2023-11-19,2023-24,DET,TOR,219.0,255,UNDER,4,False,-1.0
2023-11-19,2023-24,ORL,IND,236.0,244,UNDER,4,False,-1.0
2023-11-19,2023-24,SAC,DAL,247.0,242,UNDER,1,True,0.9
2023-11-20,2023-24,NYK,MIN,214.5,217,OVER,4,True,0.9
2023-11-22,2023-24,DEN,ORL,219.0,243,OVER,4,True,0.9
2023-11-22,2023-24,TOR,IND,242.0,263,UNDER,1,False,-1.0
2023-11-22,2023-24,PHI,MIN,221.0,211,OVER,2,False,-1.0
2023-11-22,2023-24,SAC,NOP,235.0,229,UNDER,1,True,0.9
2023-11-22,2023-24,UTA,POR,228.0,226,OVER,2,False,-1.0
2023-11-24,2023-24,BOS,ORL,221.0,209,OVER,4,False,-1.0
2023-11-24,2023-24,SAC,MIN,230.5,235,UNDER,4,False,-1.0
2023-11-25,2023-24,LAL,CLE,228.0,236,OVER,6,True,0.9
2023-11-25,2023-24,DAL,LAC,237.0,195,UNDER,1,True,0.9
2023-11-26,2023-24,CHA,ORL,228.5,247,OVER,4,True,0.9
2023-11-26,2023-24,SAS,DEN,229.5,252,OVER,6,True,0.9
2023-11-27,2023-24,LAL,PHI,230.5,232,OVER,2,True,0.9
2023-11-27,2023-24,NOP,UTA,232.0,226,UNDER,4,True,0.9
2023-11-28,2023-24,CHI,BOS,219.0,221,OVER,8,True,0.9
2023-11-29,2023-24,PHX,TOR,225.5,217,OVER,4,False,-1.0
2023-11-29,2023-24,PHI,NOP,232.5,238,OVER,4,True,0.9
2023-11-29,2023-24,HOU,DEN,227.5,258,OVER,10,True,0.9
2023-11-30,2023-24,MIL,CHI,226.0,233,OVER,1,True,0.9
2023-12-01,2023-24,NYK,TOR,218.5,225,OVER,2,True,0.9
2023-12-01,2023-24,PHI,BOS,217.5,244,OVER,8,True,0.9
2023-12-01,2023-24,DEN,PHX,226.5,230,OVER,10,True,0.9
2023-12-02,2023-24,POR,UTA,217.5,231,UNDER,2,False,-1.0
2023-12-05,2023-24,NYK,MIL,229.5,268,OVER,4,True,0.9
2023-12-06,2023-24,MEM,DET,216.5,218,OVER,4,True,0.9
2023-12-06,2023-24,ORL,CLE,225.0,232,OVER,4,True,0.9
2023-12-06,2023-24,PHI,WAS,234.5,257,OVER,2,True,0.9
2023-12-06,2023-24,MIA,TOR,219.5,215,UNDER,2,True,0.9
2023-12-06,2023-24,SAS,MIN,231.0,196,OVER,2,False,-1.0
2023-12-06,2023-24,OKC,HOU,224.5,211,OVER,4,False,-1.0
2023-12-08,2023-24,DET,ORL,229.5,214,OVER,1,False,-1.0
2023-12-08,2023-24,NYK,BOS,220.5,256,UNDER,2,False,-1.0
2023-12-08,2023-24,CLE,MIA,223.0,210,UNDER,2,True,0.9
2023-12-08,2023-24,GSW,OKC,236.0,274,OVER,4,True,0.9
2023-12-11,2023-24,DEN,ATL,242.0,251,OVER,2,True,0.9
2023-12-12,2023-24,GSW,PHX,228.5,235,OVER,8,True,0.9
2023-12-13,2023-24,ATL,TOR,240.5,263,UNDER,1,False,-1.0
2023-12-13,2023-24,NYK,UTA,229.5,230,UNDER,2,False,-1.0
2023-12-14,2023-24,CHI,MIA,213.0,240,OVER,2,True,0.9
2023-12-14,2023-24,MIN,DAL,231.0,220,UNDER,8,True,0.9
2023-12-14,2023-24,UTA,POR,226.5,236,OVER,4,True,0.9
2023-12-15,2023-24,NOP,CHA,234.0,219,OVER,4,False,-1.0
2023-12-15,2023-24,ATL,TOR,240.5,229,UNDER,1,True,0.9
2023-12-15,2023-24,LAL,SAS,235.5,244,UNDER,2,False,-1.0
2023-12-15,2023-24,ORL,BOS,227.5,239,OVER,2,True,0.9
2023-12-16,2023-24,CHI,MIA,219.5,234,OVER,4,True,0.9
2023-12-16,2023-24,OKC,DEN,237.5,235,UNDER,4,True,0.9
2023-12-16,2023-24,DAL,POR,233.0,251,UNDER,2,False,-1.0
2023-12-18,2023-24,MIN,MIA,215.5,220,OVER,4,True,0.9
2023-12-18,2023-24,NYK,LAL,235.5,223,UNDER,6,True,0.9
2023-12-20,2023-24,UTA,CLE,225.5,240,OVER,8,True,0.9
2023-12-20,2023-24,MIA,ORL,219.5,221,UNDER,6,False,-1.0
2023-12-20,2023-24,ATL,HOU,233.0,261,UNDER,2,False,-1.0
2023-12-21,2023-24,NOP,CLE,225.0,227,OVER,2,True,0.9
2023-12-23,2023-24,ORL,IND,245.0,227,UNDER,2,True,0.9
2023-12-23,2023-24,MEM,ATL,237.0,244,UNDER,1,False,-1.0
2023-12-23,2023-24,UTA,TOR,232.5,245,OVER,2,True,0.9
2023-12-23,2023-24,MIN,SAC,232.5,208,UNDER,4,True,0.9
2023-12-26,2023-24,BKN,DET,228.5,230,OVER,4,True,0.9
2023-12-26,2023-24,MEM,NOP,229.0,231,OVER,4,True,0.9
2023-12-26,2023-24,MIN,OKC,230.5,235,UNDER,4,False,-1.0
2023-12-28,2023-24,IND,CHI,238.5,224,UNDER,1,True,0.9
2023-12-28,2023-24,SAS,POR,233.0,223,UNDER,2,True,0.9
2023-12-29,2023-24,TOR,BOS,228.5,238,OVER,2,True,0.9
2023-12-29,2023-24,SAS,POR,233.5,262,UNDER,2,False,-1.0
2023-12-30,2023-24,NYK,IND,245.5,266,UNDER,2,False,-1.0
2024-01-03,2023-24,TOR,MEM,228.0,227,UNDER,2,True,0.9
2024-01-05,2023-24,NYK,PHI,233.5,220,OVER,2,False,-1.0
2024-01-05,2023-24,MIA,PHX,227.5,210,OVER,4,False,-1.0
2024-01-06,2023-24,BOS,IND,250.0,219,UNDER,2,True,0.9
2024-01-07,2023-24,SAS,CLE,232.0,232,UNDER,4,False,-1.0
2024-01-07,2023-24,ATL,ORL,240.0,227,UNDER,1,True,0.9
2024-01-07,2023-24,MIN,DAL,234.0,223,UNDER,8,True,0.9
2024-01-08,2023-24,HOU,MIA,218.5,233,OVER,4,True,0.9
2024-01-09,2023-24,MIN,ORL,215.5,205,UNDER,4,True,0.9
2024-01-09,2023-24,TOR,LAL,239.5,263,UNDER,6,False,-1.0
2024-01-11,2023-24,BOS,MIL,245.5,237,UNDER,1,True,0.9
2024-01-12,2023-24,TOR,UTA,242.5,258,UNDER,1,False,-1.0
2024-01-12,2023-24,NOP,DEN,230.0,238,UNDER,8,False,-1.0
2024-01-13,2023-24,HOU,BOS,226.5,258,OVER,4,True,0.9
2024-01-13,2023-24,ORL,OKC,232.0,212,UNDER,6,True,0.9
2024-01-14,2023-24,PHX,POR,234.0,243,OVER,4,True,0.9
2024-01-15,2023-24,ORL,NYK,217.0,192,OVER,2,False,-1.0
2024-01-15,2023-24,GSW,MEM,226.5,223,UNDER,2,True,0.9
2024-01-17,2023-24,MIL,CLE,236.5,230,UNDER,2,True,0.9
2024-01-19,2023-24,PHI,ORL,223.5,233,OVER,2,True,0.9
2024-01-19,2023-24,ATL,MIA,222.0,217,UNDER,12,True,0.9
2024-01-20,2023-24,PHI,CHA,225.5,186,OVER,1,False,-1.0
2024-01-21,2023-24,BOS,HOU,226.5,223,OVER,4,False,-1.0
2024-01-22,2023-24,BOS,DAL,238.5,229,UNDER,1,True,0.9
2024-01-23,2023-24,DEN,IND,235.5,223,UNDER,6,True,0.9
2024-01-23,2023-24,POR,OKC,230.5,220,UNDER,6,True,0.9
2024-01-24,2023-24,MIN,WAS,230.5,225,OVER,2,False,-1.0
2024-01-25,2023-24,MIN,BKN,218.0,190,OVER,2,False,-1.0
2024-01-27,2023-24,LAL,GSW,245.5,289,UNDER,1,False,-1.0
2024-01-29,2023-24,LAC,CLE,226.5,226,UNDER,8,True,0.9
2024-01-29,2023-24,NOP,BOS,234.5,230,UNDER,4,True,0.9
2024-01-29,2023-24,MIL,DEN,236.5,220,UNDER,4,True,0.9
2024-01-29,2023-24,PHI,POR,221.0,234,OVER,2,True,0.9
2024-01-31,2023-24,DET,CLE,231.0,249,UNDER,4,False,-1.0
2024-01-31,2023-24,NOP,HOU,230.5,209,UNDER,2,True,0.9
2024-01-31,2023-24,ORL,SAS,225.5,206,OVER,4,False,-1.0
2024-01-31,2023-24,DEN,OKC,223.0,205,OVER,2,False,-1.0
2024-02-02,2023-24,PHX,ATL,249.5,249,OVER,2,False,-1.0
2024-02-02,2023-24,CHA,OKC,224.5,232,OVER,2,True,0.9
2024-02-02,2023-24,TOR,HOU,232.0,241,UNDER,2,False,-1.0
2024-02-02,2023-24,GSW,MEM,225.0,222,UNDER,2,True,0.9
2024-02-02,2023-24,ORL,MIN,213.0,214,OVER,2,True,0.9
2024-02-03,2023-24,CLE,SAS,230.5,218,UNDER,2,True,0.9
2024-02-04,2023-24,MEM,BOS,219.5,222,OVER,8,True,0.9
2024-02-05,2023-24,LAC,ATL,246.5,293,OVER,2,True,0.9
2024-02-06,2023-24,DAL,BKN,235.5,226,UNDER,1,True,0.9
2024-02-06,2023-24,ORL,MIA,214.0,216,OVER,8,True,0.9
2024-02-07,2023-24,CLE,WAS,234.5,220,UNDER,4,True,0.9
2024-02-07,2023-24,GSW,PHI,235.5,231,OVER,4,False,-1.0
2024-02-07,2023-24,NOP,LAC,234.5,223,UNDER,8,True,0.9
2024-02-08,2023-24,GSW,IND,249.0,240,UNDER,2,True,0.9
2024-02-08,2023-24,DET,POR,225.5,250,OVER,4,True,0.9
2024-02-09,2023-24,CHA,MIL,229.5,204,OVER,1,False,-1.0
2024-02-10,2023-24,IND,NYK,237.5,236,UNDER,4,True,0.9
2024-02-12,2023-24,DEN,MIL,230.0,207,UNDER,4,True,0.9
2024-02-13,2023-24,OKC,ORL,222.5,240,OVER,4,True,0.9
2024-02-14,2023-24,BKN,BOS,225.5,222,UNDER,2,True,0.9
2024-02-22,2023-24,ORL,CLE,214.5,225,OVER,4,True,0.9
2024-02-23,2023-24,LAC,MEM,224.0,196,UNDER,2,True,0.9
2024-02-23,2023-24,MIA,NOP,220.5,201,UNDER,2,True,0.9
2024-02-25,2023-24,DAL,IND,251.5,244,UNDER,2,True,0.9
2024-02-25,2023-24,CLE,WAS,234.5,219,UNDER,4,True,0.9
2024-02-25,2023-24,OKC,HOU,233.0,233,OVER,2,False,-1.0
2024-02-26,2023-24,TOR,IND,248.5,252,UNDER,2,False,-1.0
2024-02-27,2023-24,BKN,ORL,210.0,189,UNDER,6,True,0.9
2024-02-27,2023-24,UTA,ATL,238.5,221,UNDER,1,True,0.9
2024-02-27,2023-24,PHI,BOS,234.5,216,UNDER,4,True,0.9
2024-02-27,2023-24,CHA,MIL,213.5,208,OVER,4,False,-1.0
2024-02-28,2023-24,NOP,IND,239.5,237,UNDER,4,True,0.9
2024-02-28,2023-24,SAC,DEN,226.5,213,UNDER,4,True,0.9
2024-02-28,2023-24,LAL,LAC,236.5,228,UNDER,1,True,0.9
2024-02-29,2023-24,MIL,CHA,219.0,210,OVER,4,False,-1.0
2024-02-29,2023-24,ATL,BKN,220.5,221,OVER,4,True,0.9
2024-03-01,2023-24,CLE,DET,218.5,210,UNDER,1,True,0.9
2024-03-01,2023-24,CHA,PHI,214.5,235,UNDER,6,False,-1.0
2024-03-01,2023-24,GSW,TOR,235.5,225,UNDER,1,True,0.9
2024-03-02,2023-24,POR,MEM,210.5,207,UNDER,2,True,0.9
2024-03-03,2023-24,GSW,BOS,231.0,228,UNDER,4,True,0.9
2024-03-03,2023-24,IND,SAS,238.5,222,UNDER,2,True,0.9
2024-03-05,2023-24,NOP,TOR,230.5,237,OVER,4,True,0.9
2024-03-05,2023-24,PHX,DEN,225.5,224,UNDER,2,True,0.9
2024-03-06,2023-24,OKC,POR,224.5,248,OVER,2,True,0.9
2024-03-07,2023-24,BKN,DET,216.0,230,OVER,4,True,0.9
2024-03-08,2023-24,MIL,LAL,229.5,245,OVER,8,True,0.9
2024-03-09,2023-24,CHI,LAC,219.5,214,OVER,2,False,-1.0
2024-03-09,2023-24,BOS,PHX,226.5,224,OVER,4,False,-1.0
2024-03-09,2023-24,UTA,DEN,227.0,263,OVER,8,True,0.9
2024-03-09,2023-24,TOR,POR,228.5,246,UNDER,2,False,-1.0
2024-03-10,2023-24,NOP,ATL,222.0,219,UNDER,4,True,0.9
2024-03-12,2023-24,HOU,SAS,221.0,204,OVER,2,False,-1.0
2024-03-12,2023-24,MIL,SAC,235.5,223,UNDER,2,True,0.9
2024-03-13,2023-24,TOR,DET,233.0,217,UNDER,2,True,0.9
2024-03-13,2023-24,DEN,MIA,217.0,188,UNDER,2,True,0.9
2024-03-14,2023-24,PHX,BOS,227.0,239,OVER,4,True,0.9
2024-03-14,2023-24,PHI,MIL,219.0,219,UNDER,1,False,-1.0
2024-03-14,2023-24,WAS,HOU,230.5,254,OVER,4,True,0.9
2024-03-15,2023-24,MIA,DET,216.5,203,UNDER,4,True,0.9
2024-03-15,2023-24,DEN,SAS,224.5,223,OVER,1,False,-1.0
2024-03-16,2023-24,OKC,MEM,216.5,230,OVER,4,True,0.9
2024-03-17,2023-24,PHX,MIL,227.0,269,OVER,4,True,0.9
2024-03-17,2023-24,MIA,DET,214.0,205,UNDER,1,True,0.9
2024-03-17,2023-24,DEN,DAL,231.5,212,UNDER,4,True,0.9
2024-03-17,2023-24,ATL,LAC,221.0,203,UNDER,6,True,0.9
2024-03-18,2023-24,DET,BOS,221.0,213,UNDER,2,True,0.9
2024-03-18,2023-24,MIN,UTA,225.5,218,OVER,2,False,-1.0
2024-03-18,2023-24,NYK,GSW,213.5,231,UNDER,1,False,-1.0
2024-03-19,2023-24,HOU,WAS,227.0,251,OVER,6,True,0.9
2024-03-20,2023-24,UTA,OKC,232.5,226,UNDER,6,True,0.9
2024-03-20,2023-24,LAC,POR,216.0,219,OVER,2,True,0.9
2024-03-20,2023-24,MEM,GSW,220.0,253,OVER,4,True,0.9
2024-03-22,2023-24,OKC,TOR,229.5,226,UNDER,2,True,0.9
2024-03-22,2023-24,BOS,DET,224.5,231,OVER,1,True,0.9
2024-03-22,2023-24,LAC,POR,216.0,242,OVER,2,True,0.9
2024-03-23,2023-24,PHX,SAS,231.5,237,OVER,4,True,0.9
2024-03-23,2023-24,UTA,HOU,227.5,266,UNDER,2,False,-1.0
2024-03-24,2023-24,PHI,LAC,216.0,228,OVER,2,True,0.9
2024-03-24,2023-24,OKC,MIL,233.5,211,UNDER,4,True,0.9
2024-03-25,2023-24,BKN,TOR,218.5,184,UNDER,1,True,0.9
2024-03-25,2023-24,BOS,ATL,225.0,238,OVER,2,True,0.9
2024-03-25,2023-24,PHX,SAS,234.5,206,OVER,4,False,-1.0
2024-03-25,2023-24,WAS,CHI,226.0,212,OVER,2,False,-1.0
2024-03-25,2023-24,IND,LAC,235.5,249,OVER,2,True,0.9
2024-03-26,2023-24,OKC,NOP,223.5,231,OVER,4,True,0.9
2024-03-27,2023-24,GSW,ORL,218.0,194,UNDER,2,True,0.9
2024-03-27,2023-24,IND,CHI,235.0,224,UNDER,4,True,0.9
2024-03-27,2023-24,LAL,MEM,225.0,260,OVER,2,True,0.9
2024-03-27,2023-24,SAS,UTA,228.0,229,OVER,2,True,0.9
2024-03-28,2023-24,BOS,ATL,226.0,245,OVER,2,True,0.9
2024-03-28,2023-24,MIL,NOP,225.0,207,UNDER,2,True,0.9
2024-03-31,2023-24,LAC,CHA,216.0,248,OVER,6,True,0.9
2024-03-31,2023-24,MIA,WAS,214.0,226,OVER,2,True,0.9
2024-03-31,2023-24,DAL,HOU,229.5,232,OVER,4,True,0.9
2024-03-31,2023-24,CHI,MIN,211.5,210,UNDER,2,True,0.9
2024-03-31,2023-24,OKC,NYK,219.5,225,OVER,4,True,0.9
2024-03-31,2023-24,UTA,SAC,220.5,233,OVER,3,True,0.9
2024-04-01,2023-24,BKN,IND,227.5,244,UNDER,2,False,-1.0
2024-04-01,2023-24,BOS,CHA,219.5,222,OVER,6,True,0.9
2024-04-01,2023-24,ATL,CHI,221.0,214,OVER,4,False,-1.0
2024-04-02,2023-24,MIL,WAS,225.5,230,OVER,2,True,0.9
2024-04-02,2023-24,HOU,MIN,214.0,219,UNDER,2,False,-1.0
2024-04-03,2023-24,POR,CHA,211.5,175,UNDER,2,True,0.9
2024-04-05,2023-24,SAC,BOS,226.0,201,UNDER,4,True,0.9
2024-04-05,2023-24,MIA,HOU,217.5,223,OVER,2,True,0.9
2024-04-05,2023-24,DET,MEM,213.5,198,UNDER,4,True,0.9
2024-04-05,2023-24,UTA,LAC,224.5,233,OVER,2,True,0.9
2024-04-06,2023-24,PHI,MEM,214.5,212,UNDER,2,True,0.9
2024-04-06,2023-24,ATL,DEN,225.0,252,OVER,6,True,0.9
2024-04-07,2023-24,POR,BOS,216.0,231,OVER,8,True,0.9
2024-04-07,2023-24,OKC,CHA,218.0,239,OVER,4,True,0.9
2024-04-07,2023-24,CHI,ORL,212.0,211,UNDER,7,True,0.9
2024-04-07,2023-24,UTA,GSW,225.5,228,OVER,2,True,0.9
2024-04-07,2023-24,MIN,LAL,218.0,244,OVER,4,True,0.9
2024-04-09,2023-24,DAL,CHA,224.0,234,OVER,2,True,0.9
2024-04-09,2023-24,MIA,ATL,217.0,228,OVER,4,True,0.9
2024-04-10,2023-24,SAS,OKC,231.0,216,UNDER,4,True,0.9
2024-04-10,2023-24,PHX,LAC,220.5,232,OVER,1,True,0.9
2024-04-11,2023-24,NYK,BOS,221.5,227,OVER,4,True,0.9
2024-04-11,2023-24,HOU,UTA,227.0,245,OVER,6,True,0.9
2024-04-12,2023-24,ORL,PHI,215.0,238,OVER,2,True,0.9
2024-04-12,2023-24,IND,CLE,232.0,249,OVER,2,True,0.9
2024-04-12,2023-24,ATL,MIN,226.5,215,OVER,2,False,-1.0
2024-04-12,2023-24,MIL,OKC,224.0,232,OVER,2,True,0.9
2024-04-14,2023-24,MIL,ORL,216.0,201,UNDER,6,True,0.9
2024-04-14,2023-24,BKN,PHI,215.0,193,UNDER,6,True,0.9
2024-04-14,2023-24,WAS,BOS,229.5,254,OVER,2,True,0.9
2024-04-14,2023-24,DET,SAS,221.5,218,OVER,4,False,-1.0
2024-04-14,2023-24,UTA,GSW,224.0,239,OVER,7,True,0.9
2024-04-16,2023-24,GSW,SAC,221.0,212,UNDER,2,True,0.9
2024-04-21,2023-24,MIA,BOS,210.0,208,OVER,10,False,-1.0
2024-04-21,2023-24,DAL,LAC,221.0,206,UNDER,2,True,0.9
2024-04-21,2023-24,NOP,OKC,216.5,186,OVER,8,False,-1.0
2024-04-24,2023-24,NOP,OKC,210.5,216,OVER,8,True,0.9
2024-04-27,2023-24,DEN,LAL,220.0,227,OVER,4,True,0.9
2024-04-28,2023-24,MIN,PHX,212.5,238,OVER,6,True,0.9
2024-10-24,2024-25,MIN,SAC,222.0,232,OVER,4,True,0.9
2024-10-24,2024-25,OKC,DEN,228.5,189,OVER,2,False,-1.0
2024-10-25,2024-25,PHI,TOR,220.0,222,OVER,2,True,0.9
2024-10-25,2024-25,IND,NYK,229.0,221,OVER,6,False,-1.0
2024-10-25,2024-25,MEM,HOU,226.5,236,OVER,4,True,0.9
2024-10-25,2024-25,PHX,LAL,227.0,239,OVER,4,True,0.9
2024-10-26,2024-25,MIA,CHA,224.5,220,UNDER,2,True,0.9
2024-10-26,2024-25,DAL,PHX,229.0,216,OVER,4,False,-1.0
2024-10-27,2024-25,ATL,OKC,230.0,232,UNDER,4,False,-1.0
2024-10-28,2024-25,IND,ORL,226.5,234,OVER,6,True,0.9
2024-10-28,2024-25,DET,MIA,219.5,204,UNDER,8,True,0.9
2024-10-28,2024-25,WAS,ATL,234.5,240,OVER,6,True,0.9
2024-10-28,2024-25,MIL,BOS,232.0,227,UNDER,4,True,0.9
2024-10-30,2024-25,LAL,CLE,227.0,244,OVER,4,True,0.9
2024-10-30,2024-25,ATL,WAS,233.5,253,UNDER,4,False,-1.0
2024-10-30,2024-25,BOS,IND,235.5,267,OVER,2,True,0.9
2024-10-30,2024-25,BKN,MEM,226.0,225,UNDER,2,True,0.9
2024-10-30,2024-25,ORL,CHI,227.5,201,OVER,4,False,-1.0
2024-10-30,2024-25,SAS,OKC,220.0,198,OVER,2,False,-1.0
2024-10-30,2024-25,NOP,GSW,219.0,193,UNDER,3,True,0.9
2024-10-30,2024-25,POR,LAC,218.5,211,OVER,2,False,-1.0
2024-11-01,2024-25,CHI,BKN,228.5,232,OVER,4,True,0.9
2024-11-01,2024-25,DEN,MIN,219.0,235,UNDER,1,False,-1.0
2024-11-01,2024-25,OKC,POR,221.0,251,OVER,2,True,0.9
2024-11-02,2024-25,CLE,MIL,230.5,227,UNDER,4,True,0.9
2024-11-02,2024-25,GSW,HOU,216.0,248,UNDER,2,False,-1.0
2024-11-02,2024-25,UTA,DEN,221.0,232,OVER,2,True,0.9
2024-11-03,2024-25,ATL,NOP,225.0,237,OVER,2,True,0.9
2024-11-04,2024-25,LAL,DET,226.0,218,OVER,4,False,-1.0
2024-11-04,2024-25,POR,NOP,218.0,218,UNDER,2,False,-1.0
2024-11-06,2024-25,GSW,BOS,228.5,230,OVER,4,True,0.9
2024-11-06,2024-25,OKC,DEN,224.5,246,OVER,2,True,0.9
2024-11-07,2024-25,MIN,CHI,227.0,254,OVER,4,True,0.9
2024-11-08,2024-25,IND,CHA,235.0,186,UNDER,2,True,0.9
2024-11-08,2024-25,NOP,ORL,210.0,203,UNDER,2,True,0.9
2024-11-08,2024-25,ATL,DET,227.5,243,OVER,6,True,0.9
2024-11-08,2024-25,GSW,CLE,229.5,253,OVER,6,True,0.9
2024-11-08,2024-25,BKN,BOS,220.5,212,UNDER,4,True,0.9
2024-11-08,2024-25,PHX,DAL,233.5,227,UNDER,4,True,0.9
2024-11-08,2024-25,WAS,MEM,231.5,232,OVER,4,True,0.9
2024-11-08,2024-25,MIA,DEN,221.5,257,OVER,6,True,0.9
2024-11-09,2024-25,UTA,SAS,221.5,221,OVER,2,False,-1.0
2024-11-09,2024-25,CHI,ATL,240.5,238,UNDER,1,True,0.9
2024-11-10,2024-25,HOU,DET,218.5,200,UNDER,1,True,0.9
2024-11-10,2024-25,BOS,MIL,229.5,220,OVER,4,False,-1.0
2024-11-10,2024-25,NYK,IND,229.5,253,OVER,6,True,0.9
2024-11-10,2024-25,MIA,MIN,219.0,189,UNDER,2,True,0.9
2024-11-10,2024-25,SAC,PHX,229.5,245,OVER,12,True,0.9
2024-11-12,2024-25,CHA,ORL,212.5,203,UNDER,2,True,0.9
2024-11-12,2024-25,MIA,DET,214.0,244,OVER,4,True,0.9
2024-11-12,2024-25,TOR,MIL,225.5,184,OVER,4,False,-1.0
2024-11-12,2024-25,PHX,UTA,229.0,232,UNDER,2,False,-1.0
2024-11-13,2024-25,NOP,OKC,224.5,194,OVER,2,False,-1.0
2024-11-13,2024-25,BOS,BKN,219.0,253,OVER,4,True,0.9
2024-11-13,2024-25,MEM,LAL,233.0,251,OVER,2,True,0.9
2024-11-13,2024-25,PHX,SAC,227.0,231,UNDER,2,False,-1.0
2024-11-15,2024-25,PHX,OKC,228.0,182,UNDER,2,True,0.9
2024-11-15,2024-25,MIN,SAC,222.0,256,OVER,4,True,0.9
2024-11-16,2024-25,UTA,SAC,228.0,238,UNDER,2,False,-1.0
2024-11-17,2024-25,PHX,MIN,218.5,237,UNDER,2,False,-1.0
2024-11-17,2024-25,DEN,MEM,228.0,195,UNDER,2,True,0.9
2024-11-17,2024-25,DET,WAS,232.0,228,UNDER,4,True,0.9
2024-11-17,2024-25,ATL,POR,230.0,224,UNDER,2,True,0.9
2024-11-17,2024-25,CHA,CLE,226.5,242,OVER,1,True,0.9
2024-11-17,2024-25,UTA,LAC,221.5,221,UNDER,6,True,0.9
2024-11-18,2024-25,IND,TOR,236.5,249,UNDER,4,False,-1.0
2024-11-19,2024-25,DEN,MEM,223.5,232,OVER,4,True,0.9
2024-11-19,2024-25,NOP,DAL,222.5,223,OVER,2,True,0.9
2024-11-19,2024-25,OKC,SAS,222.5,214,OVER,2,False,-1.0
2024-11-20,2024-25,POR,OKC,222.5,208,OVER,2,False,-1.0
2024-11-20,2024-25,IND,HOU,232.0,243,OVER,2,True,0.9
2024-11-20,2024-25,PHI,MEM,226.0,228,OVER,4,True,0.9
2024-11-20,2024-25,NYK,PHX,227.0,260,OVER,4,True,0.9
2024-11-21,2024-25,MIN,TOR,226.0,215,UNDER,4,True,0.9
2024-11-21,2024-25,UTA,SAS,224.0,244,OVER,4,True,0.9
2024-11-21,2024-25,ORL,LAL,216.0,237,OVER,2,True,0.9
2024-11-22,2024-25,BKN,PHI,214.0,211,OVER,8,False,-1.0
2024-11-22,2024-25,POR,HOU,226.0,204,UNDER,2,True,0.9
2024-11-22,2024-25,DAL,DEN,229.5,243,OVER,4,True,0.9
2024-11-23,2024-25,POR,HOU,226.0,202,UNDER,2,True,0.9
2024-11-23,2024-25,DEN,LAL,236.0,229,UNDER,6,True,0.9
2024-11-24,2024-25,TOR,CLE,233.5,230,UNDER,4,True,0.9
2024-11-25,2024-25,ORL,CHA,213.0,179,UNDER,1,True,0.9
2024-11-25,2024-25,LAC,BOS,218.5,220,OVER,6,True,0.9
2024-11-25,2024-25,BKN,GSW,224.5,248,OVER,4,True,0.9
2024-11-25,2024-25,OKC,SAC,224.5,239,UNDER,2,False,-1.0
2024-11-26,2024-25,MIL,MIA,222.5,209,UNDER,4,True,0.9
2024-11-27,2024-25,HOU,PHI,220.0,237,UNDER,2,False,-1.0
2024-11-27,2024-25,MIA,CHA,218.5,192,OVER,4,False,-1.0
2024-11-27,2024-25,DET,MEM,224.5,242,OVER,4,True,0.9
2024-11-27,2024-25,DEN,UTA,228.5,225,OVER,2,False,-1.0
2024-11-29,2024-25,NYK,CHA,219.5,197,OVER,4,False,-1.0
2024-11-29,2024-25,TOR,MIA,219.5,232,UNDER,4,False,-1.0
2024-11-29,2024-25,SAC,POR,225.0,221,UNDER,2,True,0.9
2024-11-30,2024-25,ATL,CHA,223.0,211,UNDER,2,True,0.9
2024-11-30,2024-25,PHI,DET,216.5,207,UNDER,2,True,0.9
2024-11-30,2024-25,DAL,UTA,229.0,200,UNDER,2,True,0.9
2024-12-01,2024-25,BOS,CLE,229.5,226,UNDER,4,True,0.9
2024-12-01,2024-25,OKC,HOU,220.0,235,OVER,4,True,0.9
2024-12-01,2024-25,LAL,UTA,225.0,209,UNDER,2,True,0.9
2024-12-01,2024-25,DAL,POR,226.0,268,OVER,6,True,0.9
2024-12-02,2024-25,MIA,BOS,220.0,197,UNDER,2,True,0.9
2024-12-02,2024-25,NOP,ATL,231.5,236,OVER,2,True,0.9
2024-12-02,2024-25,LAL,MIN,219.0,189,UNDER,2,True,0.9
2024-12-03,2024-25,WAS,CLE,234.5,205,UNDER,4,True,0.9
2024-12-03,2024-25,ORL,NYK,214.5,227,OVER,4,True,0.9
2024-12-03,2024-25,IND,TOR,236.5,233,UNDER,4,True,0.9
2024-12-03,2024-25,UTA,OKC,224.0,239,OVER,4,True,0.9
2024-12-03,2024-25,POR,LAC,221.5,232,UNDER,6,False,-1.0
2024-12-04,2024-25,LAL,MIA,217.5,227,OVER,4,True,0.9
2024-12-04,2024-25,DET,BOS,221.5,250,UNDER,4,False,-1.0
2024-12-04,2024-25,IND,BKN,226.0,189,UNDER,2,True,0.9
2024-12-05,2024-25,OKC,TOR,227.0,221,UNDER,2,True,0.9
2024-12-05,2024-25,CHA,NYK,217.0,226,OVER,4,True,0.9
2024-12-05,2024-25,HOU,GSW,218.5,192,UNDER,4,True,0.9
2024-12-07,2024-25,CLE,CHA,217.5,218,OVER,4,True,0.9
2024-12-07,2024-25,PHX,MIA,223.5,232,UNDER,4,False,-1.0
2024-12-08,2024-25,CLE,MIA,223.0,235,UNDER,2,False,-1.0
2024-12-08,2024-25,MIN,GSW,215.5,220,OVER,6,True,0.9
2024-12-12,2024-25,DET,BOS,224.5,222,UNDER,4,True,0.9
2024-12-12,2024-25,SAC,NOP,232.5,220,UNDER,4,True,0.9
2024-12-13,2024-25,IND,PHI,228.0,228,OVER,2,False,-1.0
2024-12-13,2024-25,WAS,CLE,234.0,220,UNDER,4,True,0.9
2024-12-13,2024-25,LAL,MIN,213.5,184,UNDER,2,True,0.9
2024-12-13,2024-25,BKN,MEM,227.0,254,UNDER,2,False,-1.0
2024-12-13,2024-25,LAC,DEN,228.0,218,UNDER,4,True,0.9
2024-12-13,2024-25,SAS,POR,226.5,234,OVER,6,True,0.9
2024-12-14,2024-25,HOU,OKC,214.5,207,UNDER,4,True,0.9
2024-12-15,2024-25,NOP,IND,231.0,223,UNDER,8,True,0.9
2024-12-15,2024-25,NYK,ORL,213.0,191,OVER,4,False,-1.0
2024-12-16,2024-25,MIA,DET,219.5,249,OVER,4,True,0.9
2024-12-16,2024-25,CHI,TOR,239.5,243,UNDER,1,False,-1.0
2024-12-16,2024-25,UTA,LAC,221.5,251,UNDER,6,False,-1.0
2024-12-17,2024-25,MIL,OKC,215.0,178,UNDER,8,True,0.9
2024-12-19,2024-25,UTA,DET,227.0,245,OVER,2,True,0.9
2024-12-20,2024-25,CHA,PHI,212.5,206,UNDER,6,True,0.9
2024-12-21,2024-25,NYK,NOP,223.5,197,UNDER,2,True,0.9
2024-12-21,2024-25,GSW,MIN,218.0,216,UNDER,2,True,0.9
2024-12-21,2024-25,DET,PHX,225.0,258,OVER,4,True,0.9
2024-12-22,2024-25,IND,SAC,234.5,217,OVER,2,False,-1.0
2024-12-23,2024-25,UTA,CLE,232.5,237,UNDER,4,False,-1.0
2024-12-23,2024-25,BOS,ORL,214.0,212,UNDER,2,True,0.9
2024-12-23,2024-25,BKN,MIA,210.0,205,UNDER,4,True,0.9
2024-12-23,2024-25,MIL,CHI,225.5,203,OVER,8,False,-1.0
2024-12-23,2024-25,LAC,MEM,228.5,224,UNDER,6,True,0.9
2024-12-23,2024-25,DET,LAL,222.0,231,OVER,2,True,0.9
2024-12-25,2024-25,MIN,DAL,221.5,204,UNDER,4,True,0.9
2024-12-26,2024-25,OKC,IND,227.5,234,OVER,2,True,0.9
2024-12-26,2024-25,CHA,WAS,230.5,223,UNDER,4,True,0.9
2024-12-26,2024-25,UTA,POR,228.0,242,OVER,6,True,0.9
2024-12-27,2024-25,NYK,ORL,213.5,193,UNDER,2,True,0.9
2024-12-27,2024-25,MIN,HOU,215.0,225,OVER,6,True,0.9
2024-12-28,2024-25,MIA,ATL,227.0,230,OVER,8,True,0.9
2024-12-28,2024-25,OKC,CHA,214.5,200,OVER,4,False,-1.0
2024-12-28,2024-25,MIL,CHI,231.5,227,UNDER,4,True,0.9
2024-12-28,2024-25,DAL,POR,224.5,248,UNDER,2,False,-1.0
2024-12-29,2024-25,ATL,TOR,242.5,243,UNDER,1,False,-1.0
2024-12-30,2024-25,PHI,POR,223.0,228,OVER,2,True,0.9
2024-12-31,2024-25,CLE,LAL,227.5,232,OVER,4,True,0.9
2025-01-01,2024-25,ORL,DET,211.0,201,UNDER,4,True,0.9
2025-01-01,2024-25,UTA,NYK,228.5,222,OVER,1,False,-1.0
2025-01-01,2024-25,PHI,SAC,220.5,220,OVER,2,False,-1.0
2025-01-02,2024-25,LAC,OKC,215.0,217,OVER,2,True,0.9
2025-01-02,2024-25,POR,LAL,225.0,220,OVER,4,False,-1.0
2025-01-03,2024-25,WAS,NOP,232.5,252,OVER,8,True,0.9
2025-01-03,2024-25,BOS,HOU,221.5,195,OVER,4,False,-1.0
2025-01-04,2024-25,DEN,SAS,236.5,233,UNDER,1,True,0.9
2025-01-05,2024-25,BOS,OKC,225.0,197,UNDER,4,True,0.9
2025-01-05,2024-25,NOP,WAS,232.0,208,UNDER,8,True,0.9
2025-01-05,2024-25,CHA,CLE,231.5,220,UNDER,4,True,0.9
2025-01-06,2024-25,POR,DET,224.0,233,OVER,4,True,0.9
2025-01-06,2024-25,MIA,SAC,219.0,241,UNDER,2,False,-1.0
2025-01-07,2024-25,LAL,DAL,218.0,215,UNDER,2,True,0.9
2025-01-08,2024-25,CHI,IND,246.5,242,UNDER,2,True,0.9
2025-01-08,2024-25,DET,BKN,211.5,211,UNDER,4,True,0.9
2025-01-08,2024-25,LAC,DEN,224.0,229,OVER,2,True,0.9
2025-01-08,2024-25,SAS,MIL,226.5,226,OVER,6,False,-1.0
2025-01-09,2024-25,TOR,CLE,234.5,258,UNDER,2,False,-1.0
2025-01-09,2024-25,MIA,UTA,221.0,189,UNDER,4,True,0.9
2025-01-10,2024-25,MIL,ORL,212.0,215,UNDER,2,False,-1.0
2025-01-10,2024-25,OKC,NYK,224.5,227,OVER,4,True,0.9
2025-01-12,2024-25,MIL,NYK,227.5,246,OVER,12,True,0.9
2025-01-12,2024-25,OKC,WAS,230.5,231,UNDER,4,False,-1.0
2025-01-12,2024-25,BKN,UTA,212.5,223,OVER,8,True,0.9
2025-01-13,2024-25,GSW,TOR,230.5,205,UNDER,2,True,0.9
2025-01-13,2024-25,MIA,LAC,216.0,207,OVER,2,False,-1.0
2025-01-13,2024-25,SAS,LAL,220.5,228,OVER,2,True,0.9
2025-01-14,2024-25,OKC,PHI,214.5,220,UNDER,2,False,-1.0
2025-01-14,2024-25,PHX,ATL,237.5,239,UNDER,4,False,-1.0
2025-01-14,2024-25,SAC,MIL,227.0,245,UNDER,2,False,-1.0
2025-01-14,2024-25,NOP,CHI,243.0,232,UNDER,1,True,0.9
2025-01-14,2024-25,DEN,DAL,235.0,217,UNDER,6,True,0.9
2025-01-14,2024-25,BKN,POR,219.5,246,OVER,8,True,0.9
2025-01-15,2024-25,ORL,MIL,212.5,215,OVER,2,True,0.9
2025-01-15,2024-25,HOU,DEN,224.5,236,OVER,2,True,0.9
2025-01-15,2024-25,CHA,UTA,221.5,229,OVER,2,True,0.9
2025-01-16,2024-25,PHX,WAS,231.5,253,OVER,4,True,0.9
2025-01-17,2024-25,ORL,BOS,212.5,215,OVER,8,True,0.9
2025-01-17,2024-25,OKC,DAL,220.5,204,UNDER,2,True,0.9
2025-01-19,2024-25,SAS,MIA,219.5,235,OVER,4,True,0.9
2025-01-19,2024-25,PHI,MIL,225.5,232,OVER,1,True,0.9
2025-01-20,2024-25,DAL,CHA,224.0,215,UNDER,2,True,0.9
2025-01-21,2024-25,POR,MIA,218.5,223,UNDER,4,False,-1.0
2025-01-22,2024-25,BOS,LAC,217.0,230,OVER,4,True,0.9
2025-01-23,2024-25,POR,ORL,213.0,180,UNDER,6,True,0.9
2025-01-23,2024-25,DAL,OKC,224.5,236,OVER,2,True,0.9
2025-01-23,2024-25,BOS,LAL,219.0,213,UNDER,6,True,0.9
2025-01-24,2024-25,POR,CHA,216.0,199,UNDER,2,True,0.9
2025-01-25,2024-25,SAC,NYK,233.5,263,UNDER,4,False,-1.0
2025-01-25,2024-25,MIL,LAC,226.5,244,OVER,8,True,0.9
2025-01-26,2024-25,OKC,POR,226.0,226,UNDER,2,False,-1.0
2025-01-28,2024-25,UTA,GSW,220.5,217,OVER,4,False,-1.0
2025-01-29,2024-25,DEN,NYK,241.5,234,UNDER,1,True,0.9
2025-01-29,2024-25,LAC,SAS,221.0,244,OVER,4,True,0.9
2025-01-29,2024-25,MIN,PHX,225.0,234,OVER,4,True,0.9
2025-01-30,2024-25,MIN,UTA,222.5,251,OVER,2,True,0.9
2025-01-31,2024-25,MIL,SAS,236.5,262,UNDER,2,False,-1.0
2025-02-01,2024-25,DEN,CHA,226.5,211,OVER,2,False,-1.0
2025-02-01,2024-25,MIA,SAS,223.5,208,OVER,2,False,-1.0
2025-02-01,2024-25,PHX,POR,227.0,235,OVER,4,True,0.9
2025-02-03,2024-25,MIL,OKC,226.0,221,OVER,1,False,-1.0
2025-02-03,2024-25,PHX,POR,228.5,240,OVER,4,True,0.9
2025-02-04,2024-25,DAL,PHI,228.0,234,OVER,4,True,0.9
2025-02-04,2024-25,IND,POR,232.5,201,UNDER,2,True,0.9
2025-02-04,2024-25,LAL,LAC,222.5,219,UNDER,6,True,0.9
2025-02-05,2024-25,SAS,ATL,243.5,251,OVER,2,True,0.9
2025-02-05,2024-25,MIA,PHI,220.5,209,UNDER,2,True,0.9
2025-02-05,2024-25,CHI,MIN,226.5,235,OVER,1,True,0.9
2025-02-05,2024-25,GSW,UTA,222.0,259,OVER,2,True,0.9
2025-02-05,2024-25,PHX,OKC,230.0,249,UNDER,6,False,-1.0
2025-02-05,2024-25,ORL,SAC,218.5,241,OVER,4,True,0.9
2025-02-06,2024-25,IND,LAC,230.0,231,OVER,2,True,0.9
2025-02-07,2024-25,PHI,DET,222.5,237,OVER,8,True,0.9
2025-02-07,2024-25,MIL,ATL,237.5,225,UNDER,6,True,0.9
2025-02-07,2024-25,TOR,OKC,229.0,230,OVER,1,True,0.9
2025-02-07,2024-25,UTA,PHX,230.5,262,OVER,2,True,0.9
2025-02-08,2024-25,OKC,MEM,244.5,237,UNDER,1,True,0.9
2025-02-08,2024-25,UTA,LAC,225.5,240,OVER,1,True,0.9
2025-02-09,2024-25,CHA,DET,219.0,214,OVER,4,False,-1.0
2025-02-09,2024-25,PHI,MIL,228.0,262,OVER,4,True,0.9
2025-02-09,2024-25,TOR,HOU,223.5,181,UNDER,2,True,0.9
2025-02-10,2024-25,ATL,ORL,221.0,218,UNDER,8,True,0.9
2025-02-10,2024-25,NOP,OKC,233.0,238,UNDER,6,False,-1.0
2025-02-11,2024-25,NYK,IND,242.0,243,UNDER,3,False,-1.0
2025-02-12,2024-25,SAS,BOS,230.5,219,UNDER,6,True,0.9
2025-02-12,2024-25,MIL,MIN,218.0,204,UNDER,2,True,0.9
2025-02-12,2024-25,MIA,OKC,222.5,216,OVER,2,False,-1.0
2025-02-13,2024-25,MIA,DAL,218.5,231,OVER,2,True,0.9
2025-02-20,2024-25,BOS,PHI,225.5,228,OVER,8,True,0.9
2025-02-20,2024-25,MEM,IND,250.0,240,UNDER,3,True,0.9
2025-02-20,2024-25,ORL,ATL,223.0,222,OVER,4,False,-1.0
2025-02-20,2024-25,LAC,MIL,227.0,226,UNDER,8,True,0.9
2025-02-20,2024-25,CHA,DEN,227.5,244,OVER,6,True,0.9
2025-02-21,2024-25,MIL,WAS,229.5,205,OVER,2,False,-1.0
2025-02-21,2024-25,MIA,TOR,219.0,231,OVER,4,True,0.9
2025-02-21,2024-25,OKC,UTA,233.0,237,UNDER,4,False,-1.0
2025-02-22,2024-25,BKN,PHI,213.0,208,UNDER,6,True,0.9
2025-02-23,2024-25,NYK,BOS,231.0,223,UNDER,4,True,0.9
2025-02-23,2024-25,DET,ATL,239.0,291,UNDER,4,False,-1.0
2025-02-24,2024-25,CHI,PHI,233.5,252,OVER,2,True,0.9
2025-02-24,2024-25,MIN,OKC,228.0,259,OVER,1,True,0.9
2025-02-25,2024-25,CLE,ORL,218.0,204,UNDER,4,True,0.9
2025-02-25,2024-25,SAS,NOP,239.5,212,UNDER,1,True,0.9
2025-02-25,2024-25,CHA,GSW,218.0,220,OVER,2,True,0.9
2025-02-26,2024-25,POR,WAS,232.5,250,UNDER,4,False,-1.0
2025-02-27,2024-25,GSW,ORL,212.0,236,OVER,4,True,0.9
2025-02-27,2024-25,CHA,DAL,220.5,199,OVER,2,False,-1.0
2025-03-01,2024-25,SAC,HOU,228.5,216,UNDER,2,True,0.9
2025-03-01,2024-25,MIL,DAL,229.0,249,OVER,8,True,0.9
2025-03-01,2024-25,GSW,PHI,228.5,245,OVER,8,True,0.9
2025-03-02,2024-25,NOP,UTA,232.0,249,OVER,4,True,0.9
2025-03-02,2024-25,MIN,PHX,234.5,214,UNDER,4,True,0.9
2025-03-03,2024-25,WAS,MIA,217.5,196,UNDER,2,True,0.9
2025-03-03,2024-25,HOU,OKC,229.0,265,OVER,8,True,0.9
2025-03-03,2024-25,SAC,DAL,231.5,220,UNDER,4,True,0.9
2025-03-04,2024-25,MIL,ATL,244.0,248,OVER,2,True,0.9
2025-03-05,2024-25,UTA,WAS,231.5,247,OVER,2,True,0.9
2025-03-05,2024-25,MIN,CHA,227.0,235,OVER,2,True,0.9
2025-03-06,2024-25,PHI,BOS,217.5,228,OVER,4,True,0.9
2025-03-07,2024-25,UTA,TOR,228.5,227,UNDER,2,True,0.9
2025-03-07,2024-25,MIN,MIA,218.0,210,UNDER,2,True,0.9
2025-03-08,2024-25,CHI,MIA,226.0,223,UNDER,2,True,0.9
2025-03-08,2024-25,ORL,MIL,216.5,220,OVER,2,True,0.9
2025-03-08,2024-25,LAL,BOS,225.5,212,OVER,4,False,-1.0
2025-03-09,2024-25,UTA,PHI,231.0,248,OVER,4,True,0.9
2025-03-09,2024-25,SAS,MIN,232.5,265,OVER,2,True,0.9
2025-03-09,2024-25,DET,POR,231.0,231,UNDER,2,False,-1.0
2025-03-10,2024-25,WAS,TOR,232.0,223,UNDER,8,True,0.9
2025-03-10,2024-25,CHA,MIA,217.0,207,UNDER,4,True,0.9
2025-03-10,2024-25,LAL,BKN,217.5,219,OVER,4,True,0.9
2025-03-10,2024-25,ORL,HOU,210.5,181,OVER,4,False,-1.0
2025-03-10,2024-25,IND,CHI,239.0,224,UNDER,4,True,0.9
2025-03-10,2024-25,NYK,SAC,222.5,237,OVER,4,True,0.9
2025-03-11,2024-25,MIL,IND,237.5,229,UNDER,3,True,0.9
2025-03-12,2024-25,OKC,BOS,228.5,230,OVER,2,True,0.9
2025-03-12,2024-25,PHX,HOU,227.0,215,UNDER,2,True,0.9
2025-03-12,2024-25,MIN,DEN,233.0,210,UNDER,4,True,0.9
2025-03-12,2024-25,NYK,POR,227.5,227,OVER,8,False,-1.0
2025-03-13,2024-25,LAL,MIL,227.0,232,OVER,4,True,0.9
2025-03-14,2024-25,LAL,DEN,229.5,257,OVER,6,True,0.9
2025-03-14,2024-25,TOR,UTA,238.0,244,UNDER,1,False,-1.0
2025-03-15,2024-25,BOS,BKN,219.0,228,OVER,4,True,0.9
2025-03-15,2024-25,NYK,GSW,228.5,191,OVER,8,False,-1.0
2025-03-16,2024-25,PHI,DAL,225.0,255,OVER,4,True,0.9
2025-03-16,2024-25,PHX,LAL,227.0,203,UNDER,2,True,0.9
2025-03-16,2024-25,UTA,MIN,231.5,230,OVER,2,False,-1.0
2025-03-17,2024-25,WAS,POR,232.0,209,UNDER,8,True,0.9
2025-03-17,2024-25,TOR,PHX,224.5,218,UNDER,2,True,0.9
2025-03-17,2024-25,SAS,LAL,231.5,234,UNDER,2,False,-1.0
2025-03-18,2024-25,BKN,BOS,212.0,200,OVER,8,False,-1.0
2025-03-18,2024-25,MIL,GSW,225.0,197,UNDER,2,True,0.9
2025-03-19,2024-25,DAL,IND,228.0,266,OVER,2,True,0.9
2025-03-19,2024-25,WAS,UTA,234.5,240,OVER,4,True,0.9
2025-03-19,2024-25,MEM,POR,234.5,214,UNDER,2,True,0.9
2025-03-19,2024-25,DEN,LAL,223.5,228,OVER,2,True,0.9
2025-03-20,2024-25,NYK,CHA,221.5,213,UNDER,2,True,0.9
2025-03-20,2024-25,TOR,GSW,224.5,231,OVER,5,True,0.9
2025-03-21,2024-25,CHA,OKC,220.0,247,OVER,2,True,0.9
2025-03-21,2024-25,HOU,MIA,212.5,200,UNDER,2,True,0.9
2025-03-21,2024-25,DEN,POR,227.5,237,OVER,2,True,0.9
2025-03-21,2024-25,MEM,LAC,230.5,236,OVER,2,True,0.9
2025-03-22,2024-25,BKN,IND,221.0,211,OVER,1,False,-1.0
2025-03-23,2024-25,CHA,MIA,215.5,227,UNDER,4,False,-1.0
2025-03-23,2024-25,BOS,POR,219.0,245,UNDER,2,False,-1.0
2025-03-23,2024-25,OKC,LAC,227.0,204,UNDER,2,True,0.9
2025-03-24,2024-25,TOR,WAS,227.5,216,UNDER,2,True,0.9
2025-03-24,2024-25,LAL,ORL,217.5,224,OVER,4,True,0.9
2025-03-24,2024-25,DAL,BKN,218.0,221,OVER,4,True,0.9
2025-03-24,2024-25,BOS,SAC,224.5,208,OVER,4,False,-1.0
2025-03-25,2024-25,SAS,DET,233.5,218,UNDER,2,True,0.9
2025-03-25,2024-25,CLE,POR,228.5,233,OVER,4,True,0.9
2025-03-25,2024-25,OKC,SAC,228.5,226,UNDER,2,True,0.9
2025-03-26,2024-25,LAL,IND,234.0,239,OVER,4,True,0.9
2025-03-26,2024-25,MIL,DEN,227.5,244,OVER,6,True,0.9
2025-03-26,2024-25,BOS,PHX,221.5,234,OVER,4,True,0.9
2025-03-27,2024-25,DAL,ORL,216.5,193,UNDER,6,True,0.9
2025-03-27,2024-25,ATL,MIA,224.5,234,OVER,4,True,0.9
2025-03-27,2024-25,LAL,CHI,237.0,236,UNDER,2,True,0.9
2025-03-27,2024-25,HOU,UTA,227.0,231,OVER,4,True,0.9
2025-03-27,2024-25,POR,SAC,227.5,235,OVER,4,True,0.9
2025-03-28,2024-25,LAC,BKN,213.5,232,OVER,2,True,0.9
2025-03-28,2024-25,NYK,MIL,218.5,223,OVER,4,True,0.9
2025-03-29,2024-25,MIA,PHI,215.0,213,UNDER,4,True,0.9
2025-03-31,2024-25,MIA,WAS,214.5,214,UNDER,4,True,0.9
2025-03-31,2024-25,SAC,IND,234.0,220,UNDER,4,True,0.9
2025-03-31,2024-25,LAC,ORL,212.0,183,OVER,2,False,-1.0
2025-04-01,2024-25,PHX,MIL,225.5,256,OVER,4,True,0.9
2025-04-01,2024-25,GSW,MEM,239.0,259,OVER,4,True,0.9
2025-04-01,2024-25,ORL,SAS,217.0,221,UNDER,2,False,-1.0
2025-04-01,2024-25,MIN,DEN,228.5,279,OVER,2,True,0.9
2025-04-02,2024-25,CHA,IND,223.5,224,OVER,1,True,0.9
2025-04-02,2024-25,NYK,CLE,230.5,229,UNDER,4,True,0.9
2025-04-02,2024-25,MIA,BOS,211.5,227,OVER,10,True,0.9
2025-04-02,2024-25,UTA,HOU,227.5,248,UNDER,2,False,-1.0
2025-04-02,2024-25,ATL,DAL,240.5,238,OVER,2,False,-1.0
2025-04-02,2024-25,DET,OKC,233.5,222,UNDER,6,True,0.9
2025-04-02,2024-25,NOP,LAC,220.0,212,OVER,1,False,-1.0
2025-04-03,2024-25,MIL,PHI,228.0,239,OVER,2,True,0.9
2025-04-03,2024-25,MEM,MIA,226.0,218,UNDER,2,True,0.9
2025-04-04,2024-25,SAC,CHA,215.5,227,OVER,4,True,0.9
2025-04-04,2024-25,PHX,BOS,226.5,226,OVER,2,False,-1.0
2025-04-04,2024-25,DEN,GSW,237.0,222,UNDER,2,True,0.9
2025-04-04,2024-25,NOP,LAL,223.0,232,OVER,1,True,0.9
2025-04-05,2024-25,NYK,ATL,235.5,226,UNDER,5,True,0.9
2025-04-05,2024-25,MEM,DET,238.5,212,UNDER,1,True,0.9
2025-04-05,2024-25,DAL,LAC,221.0,239,UNDER,4,False,-1.0
2025-04-06,2024-25,SAS,POR,224.5,229,OVER,2,True,0.9
2025-04-06,2024-25,HOU,GSW,225.5,202,OVER,8,False,-1.0
2025-04-07,2024-25,SAC,DET,231.0,244,UNDER,2,False,-1.0
2025-04-09,2024-25,MIA,CHI,227.5,230,OVER,4,True,0.9
2025-04-09,2024-25,DEN,SAC,234.5,240,UNDER,2,False,-1.0
2025-04-10,2024-25,MIN,MEM,230.0,266,UNDER,4,False,-1.0
2025-04-11,2024-25,ORL,IND,213.0,244,OVER,4,True,0.9
2025-04-11,2024-25,MIL,DET,229.5,244,OVER,4,True,0.9
2025-04-11,2024-25,CHA,BOS,215.0,224,OVER,12,True,0.9
2025-04-11,2024-25,MIA,NOP,214.5,257,OVER,2,True,0.9
2025-04-11,2024-25,TOR,DAL,224.5,226,OVER,2,True,0.9
2025-04-11,2024-25,HOU,LAL,228.5,249,OVER,8,True,0.9
2025-04-13,2024-25,NYK,BKN,210.5,218,OVER,4,True,0.9
2025-04-13,2024-25,WAS,MIA,215.5,237,UNDER,4,False,-1.0
2025-04-13,2024-25,IND,CLE,226.5,244,OVER,2,True,0.9
2025-04-13,2024-25,OKC,NOP,230.5,215,UNDER,4,True,0.9
2025-04-13,2024-25,UTA,MIN,234.5,221,OVER,2,False,-1.0
2025-04-13,2024-25,DEN,HOU,234.5,237,OVER,2,True,0.9
2025-04-13,2024-25,LAC,GSW,218.0,243,UNDER,2,False,-1.0
2025-04-13,2024-25,TOR,SAS,232.5,243,UNDER,2,False,-1.0
2025-04-15,2024-25,ATL,ORL,220.5,215,UNDER,8,True,0.9
2025-04-15,2024-25,MEM,GSW,226.5,237,OVER,8,True,0.9
2025-04-16,2024-25,MIA,CHI,220.0,199,UNDER,2,True,0.9
2025-04-18,2024-25,MIA,ATL,220.5,237,OVER,4,True,0.9
2025-04-18,2024-25,DAL,MEM,222.0,226,OVER,2,True,0.9
2025-04-19,2024-25,DET,NYK,219.5,235,UNDER,4,False,-1.0
2025-04-20,2024-25,MEM,OKC,232.0,211,UNDER,6,True,0.9
2025-04-20,2024-25,MIA,CLE,216.0,221,OVER,2,True,0.9
2025-04-21,2024-25,DET,NYK,221.5,194,OVER,2,False,-1.0
2025-04-22,2024-25,MIL,IND,229.0,238,OVER,8,True,0.9
2025-04-22,2024-25,MEM,OKC,230.5,217,UNDER,6,True,0.9
2025-04-22,2024-25,MIN,LAL,211.5,179,UNDER,9,True,0.9
2025-04-23,2024-25,MIA,CLE,213.5,233,OVER,2,True,0.9
2025-04-24,2024-25,NYK,DET,216.5,234,OVER,4,True,0.9
2025-04-24,2024-25,OKC,MEM,230.5,222,UNDER,4,True,0.9
2025-04-24,2024-25,DEN,LAC,213.5,200,UNDER,1,True,0.9
2025-04-25,2024-25,IND,MIL,229.5,218,OVER,6,False,-1.0
2025-04-26,2024-25,CLE,MIA,211.5,211,UNDER,2,True,0.9
2025-04-26,2024-25,OKC,MEM,224.0,232,OVER,3,True,0.9
2025-04-26,2024-25,DEN,LAC,211.5,200,UNDER,1,True,0.9
2025-04-27,2024-25,IND,MIL,226.5,232,OVER,6,True,0.9
2025-04-30,2024-25,MIN,LAL,210.5,199,UNDER,8,True,0.9
2025-05-05,2024-25,DEN,OKC,229.5,240,OVER,1,True,0.9
2025-05-06,2024-25,IND,CLE,227.5,239,OVER,2,True,0.9
2025-05-07,2024-25,NYK,BOS,211.0,181,OVER,8,False,-1.0
2025-05-07,2024-25,DEN,OKC,229.5,255,OVER,1,True,0.9
2025-05-10,2024-25,BOS,NYK,210.5,208,UNDER,2,True,0.9
2025-05-13,2024-25,DEN,OKC,222.5,217,OVER,2,False,-1.0
2025-05-18,2024-25,DEN,OKC,214.0,218,OVER,8,True,0.9
2025-05-22,2024-25,MIN,OKC,217.5,221,OVER,8,True,0.9
2025-06-08,2024-25,IND,OKC,231.5,230,UNDER,6,True,0.9
2025-10-22,2025-26,MIA,ORL,216.5,246,UNDER,2,False,-1.0
2025-10-22,2025-26,SAS,DAL,224.5,217,UNDER,4,True,0.9
2025-10-24,2025-26,MIL,TOR,235.5,238,UNDER,2,False,-1.0
2025-10-24,2025-26,CLE,BKN,230.5,255,UNDER,4,False,-1.0
2025-10-24,2025-26,DET,HOU,224.5,226,OVER,2,True,0.9
2025-10-24,2025-26,GSW,POR,227.5,258,OVER,4,True,0.9
2025-10-25,2025-26,OKC,ATL,234.5,217,OVER,2,False,-1.0
2025-10-25,2025-26,IND,MEM,240.5,231,UNDER,1,True,0.9
2025-10-25,2025-26,PHX,DEN,232.5,244,OVER,2,True,0.9
2025-10-26,2025-26,BKN,SAS,227.5,225,UNDER,2,True,0.9
2025-10-26,2025-26,BOS,DET,227.5,232,UNDER,4,False,-1.0
2025-10-26,2025-26,TOR,DAL,231.5,268,UNDER,4,False,-1.0
2025-10-26,2025-26,POR,LAC,224.5,221,UNDER,6,True,0.9
2025-10-27,2025-26,ORL,PHI,227.5,260,OVER,8,True,0.9
2025-10-27,2025-26,TOR,SAS,232.5,224,UNDER,2,True,0.9
2025-10-27,2025-26,PHX,UTA,230.5,272,OVER,4,True,0.9
2025-10-28,2025-26,SAC,OKC,227.5,208,UNDER,4,True,0.9
2025-10-28,2025-26,LAC,GSW,225.5,177,UNDER,6,True,0.9
2025-10-29,2025-26,ORL,DET,229.5,251,OVER,8,True,0.9
2025-10-29,2025-26,IND,DAL,224.5,212,UNDER,4,True,0.9
2025-10-29,2025-26,LAL,MIN,230.5,231,OVER,2,True,0.9
2025-10-29,2025-26,MEM,PHX,242.5,227,UNDER,1,True,0.9
2025-10-30,2025-26,WAS,OKC,230.5,235,UNDER,6,False,-1.0
2025-10-30,2025-26,GSW,MIL,228.5,230,OVER,4,True,0.9
2025-10-31,2025-26,ATL,IND,232.5,236,OVER,4,True,0.9
2025-10-31,2025-26,UTA,PHX,231.5,214,OVER,2,False,-1.0
2025-11-01,2025-26,ORL,WAS,233.5,219,OVER,2,False,-1.0
2025-11-01,2025-26,HOU,BOS,226.5,229,OVER,2,True,0.9
2025-11-03,2025-26,MIN,BKN,225.5,234,OVER,4,True,0.9
2025-11-03,2025-26,MIL,IND,235.5,232,OVER,2,False,-1.0
2025-11-03,2025-26,DAL,HOU,226.5,212,UNDER,2,True,0.9
2025-11-04,2025-26,MIL,TOR,238.5,228,UNDER,3,True,0.9
2025-11-04,2025-26,OKC,LAC,219.5,233,OVER,4,True,0.9
2025-11-05,2025-26,MIN,NYK,228.5,251,OVER,4,True,0.9
2025-11-05,2025-26,OKC,POR,229.5,240,OVER,4,True,0.9
2025-11-05,2025-26,GSW,SAC,225.5,237,OVER,4,True,0.9
2025-11-07,2025-26,TOR,ATL,232.5,206,UNDER,2,True,0.9
2025-11-07,2025-26,UTA,MIN,233.5,234,OVER,2,True,0.9
2025-11-07,2025-26,OKC,SAC,234.5,233,UNDER,4,True,0.9
2025-11-08,2025-26,DAL,WAS,233.5,216,UNDER,2,True,0.9
2025-11-08,2025-26,PHX,LAC,226.5,217,UNDER,2,True,0.9
2025-11-09,2025-26,OKC,MEM,234.5,214,UNDER,4,True,0.9
2025-11-09,2025-26,IND,GSW,220.5,197,OVER,4,False,-1.0
2025-11-10,2025-26,WAS,DET,234.5,272,OVER,4,True,0.9
2025-11-10,2025-26,MIL,DAL,228.5,230,OVER,6,True,0.9
2025-11-11,2025-26,GSW,OKC,228.5,228,UNDER,2,True,0.9
2025-11-12,2025-26,ORL,NYK,227.5,231,OVER,2,True,0.9
2025-11-12,2025-26,MIL,CHA,228.5,211,UNDER,2,True,0.9
2025-11-12,2025-26,MEM,BOS,224.5,226,UNDER,2,False,-1.0
2025-11-12,2025-26,PHX,DAL,227.5,237,OVER,4,True,0.9
2025-11-12,2025-26,DEN,LAC,221.5,246,OVER,4,True,0.9
2025-11-13,2025-26,IND,PHX,232.5,231,OVER,2,False,-1.0
2025-11-13,2025-26,ATL,UTA,234.5,254,OVER,4,True,0.9
2025-11-14,2025-26,LAC,DAL,220.5,260,UNDER,2,False,-1.0
2025-11-15,2025-26,TOR,IND,235.5,240,OVER,2,True,0.9
2025-11-15,2025-26,OKC,CHA,224.5,205,OVER,2,False,-1.0
2025-11-15,2025-26,LAL,MIL,229.5,214,UNDER,2,True,0.9
2025-11-16,2025-26,ATL,PHX,226.5,246,OVER,10,True,0.9
2025-11-17,2025-26,LAC,PHI,221.5,218,UNDER,2,True,0.9
2025-11-17,2025-26,NYK,MIA,244.5,228,UNDER,1,True,0.9
2025-11-17,2025-26,DAL,MIN,232.5,216,OVER,2,False,-1.0
2025-11-17,2025-26,OKC,NOP,226.5,235,UNDER,2,False,-1.0
2025-11-18,2025-26,DET,ATL,226.5,232,OVER,6,True,0.9
2025-11-18,2025-26,MEM,SAS,234.5,212,OVER,2,False,-1.0
2025-11-19,2025-26,SAC,OKC,231.5,212,UNDER,6,True,0.9
2025-11-20,2025-26,LAC,ORL,218.5,230,UNDER,6,False,-1.0
2025-11-20,2025-26,SAC,MEM,234.5,233,UNDER,2,True,0.9
2025-11-21,2025-26,BKN,BOS,222.0,218,UNDER,4,True,0.9
2025-11-21,2025-26,DEN,HOU,234.5,221,UNDER,2,True,0.9
2025-11-21,2025-26,OKC,UTA,234.5,256,UNDER,4,False,-1.0
2025-11-22,2025-26,LAC,CHA,227.5,247,UNDER,6,False,-1.0
2025-11-22,2025-26,DET,MIL,225.5,245,OVER,4,True,0.9
2025-11-23,2025-26,BKN,TOR,229.5,228,UNDER,2,True,0.9
2025-11-23,2025-26,ORL,BOS,223.5,267,OVER,4,True,0.9
2025-11-23,2025-26,POR,OKC,233.5,217,UNDER,6,True,0.9
2025-11-24,2025-26,POR,MIL,230.5,218,UNDER,4,True,0.9
2025-11-25,2025-26,LAC,LAL,227.5,253,UNDER,4,False,-1.0
2025-11-26,2025-26,PHX,SAC,233.5,212,UNDER,2,True,0.9
2025-11-28,2025-26,WAS,IND,240.5,205,UNDER,2,True,0.9
2025-11-28,2025-26,PHX,OKC,223.5,242,OVER,2,True,0.9
2025-11-29,2025-26,BOS,MIN,229.5,234,UNDER,4,False,-1.0
2025-11-29,2025-26,DAL,LAC,224.5,224,UNDER,4,True,0.9
2025-11-30,2025-26,OKC,POR,233.5,238,UNDER,4,False,-1.0
2025-11-30,2025-26,MEM,SAC,233.5,222,UNDER,2,True,0.9
2025-12-01,2025-26,CLE,IND,231.5,254,OVER,2,True,0.9
2025-12-01,2025-26,CHA,BKN,228.5,219,UNDER,2,True,0.9
2025-12-02,2025-26,MIN,NOP,230.5,291,OVER,2,True,0.9
2025-12-02,2025-26,OKC,GSW,223.5,236,OVER,6,True,0.9
2025-12-03,2025-26,LAC,ATL,225.5,207,UNDER,6,True,0.9
2025-12-03,2025-26,DET,MIL,228.5,222,OVER,4,False,-1.0
2025-12-04,2025-26,UTA,BKN,231.5,233,OVER,2,True,0.9
2025-12-04,2025-26,MIN,NOP,232.5,241,OVER,2,True,0.9
2025-12-06,2025-26,GSW,CLE,229.5,193,UNDER,2,True,0.9
2025-12-07,2025-26,GSW,CHI,229.5,214,OVER,2,False,-1.0
2025-12-07,2025-26,OKC,UTA,232.5,232,UNDER,4,True,0.9
2025-12-08,2025-26,SAC,IND,231.5,221,UNDER,4,True,0.9
2025-12-08,2025-26,PHX,MIN,226.5,213,UNDER,2,True,0.9
2025-12-09,2025-26,MIA,ORL,235.5,225,UNDER,1,True,0.9
2025-12-10,2025-26,PHX,OKC,221.5,227,OVER,2,True,0.9
2025-12-11,2025-26,LAC,HOU,221.5,228,OVER,2,True,0.9
2025-12-12,2025-26,IND,PHI,221.5,220,UNDER,2,True,0.9
2025-12-12,2025-26,MIN,GSW,228.5,247,OVER,8,True,0.9
2025-12-13,2025-26,NYK,ORL,225.5,252,OVER,4,True,0.9
2025-12-13,2025-26,SAS,OKC,232.5,220,UNDER,6,True,0.9
2025-12-14,2025-26,CHA,CLE,233.5,230,UNDER,4,True,0.9
2025-12-14,2025-26,MIL,BKN,215.5,209,UNDER,2,True,0.9
2025-12-14,2025-26,GSW,POR,237.5,267,OVER,4,True,0.9
2025-12-15,2025-26,TOR,MIA,234.5,202,UNDER,2,True,0.9
2025-12-15,2025-26,DAL,UTA,241.5,273,UNDER,1,False,-1.0
2025-12-17,2025-26,MEM,MIN,226.5,226,UNDER,4,True,0.9
2025-12-18,2025-26,ATL,CHA,246.5,259,UNDER,1,False,-1.0
2025-12-18,2025-26,LAC,OKC,221.5,223,OVER,2,True,0.9
2025-12-18,2025-26,TOR,MIL,218.5,216,UNDER,8,True,0.9
2025-12-18,2025-26,DET,DAL,232.5,230,UNDER,4,True,0.9
2025-12-19,2025-26,MIA,BOS,230.5,245,UNDER,4,False,-1.0
2025-12-20,2025-26,BOS,TOR,216.5,208,UNDER,4,True,0.9
2025-12-20,2025-26,POR,SAC,229.5,191,UNDER,2,True,0.9
2025-12-21,2025-26,TOR,BKN,216.5,177,UNDER,4,True,0.9
2025-12-21,2025-26,HOU,SAC,229.5,249,OVER,2,True,0.9
2025-12-22,2025-26,IND,BOS,231.5,198,UNDER,4,True,0.9
2025-12-22,2025-26,MEM,OKC,233.5,222,UNDER,6,True,0.9
2025-12-23,2025-26,MIL,IND,216.5,205,UNDER,2,True,0.9
2025-12-23,2025-26,TOR,MIA,227.5,203,UNDER,2,True,0.9
2025-12-23,2025-26,DEN,DAL,234.5,261,UNDER,2,False,-1.0
2025-12-23,2025-26,ORL,POR,232.5,216,UNDER,2,True,0.9
2025-12-23,2025-26,HOU,LAC,216.5,236,OVER,2,True,0.9
2025-12-25,2025-26,MIN,DEN,232.5,280,UNDER,4,False,-1.0
2025-12-26,2025-26,TOR,WAS,222.5,255,UNDER,2,False,-1.0
2025-12-26,2025-26,BOS,IND,230.5,262,OVER,2,True,0.9
2025-12-26,2025-26,LAC,POR,228.5,222,UNDER,6,True,0.9
2025-12-27,2025-26,BKN,MIN,225.5,230,UNDER,2,False,-1.0
2025-12-27,2025-26,CLE,HOU,230.5,217,UNDER,2,True,0.9
2025-12-27,2025-26,IND,MIA,237.5,258,OVER,2,True,0.9
2025-12-27,2025-26,NYK,ATL,242.5,253,OVER,2,True,0.9
2025-12-28,2025-26,PHI,OKC,230.5,233,UNDER,6,False,-1.0
2025-12-28,2025-26,DET,LAC,228.5,211,UNDER,4,True,0.9
2025-12-29,2025-26,MIL,CHA,226.5,236,OVER,8,True,0.9
2025-12-29,2025-26,DEN,MIA,247.5,270,UNDER,1,False,-1.0
2025-12-30,2025-26,DET,LAL,237.5,234,UNDER,4,True,0.9
2025-12-30,2025-26,SAC,LAC,216.5,221,OVER,2,True,0.9
2025-12-31,2025-26,MIN,ATL,248.5,228,OVER,2,False,-1.0
2025-12-31,2025-26,POR,OKC,230.5,219,UNDER,6,True,0.9
2026-01-01,2025-26,PHI,DAL,231.5,231,UNDER,4,True,0.9
2026-01-01,2025-26,UTA,LAC,224.5,219,OVER,2,False,-1.0
2026-01-02,2025-26,SAS,IND,241.5,236,UNDER,2,True,0.9
2026-01-02,2025-26,OKC,GSW,220.5,225,OVER,6,True,0.9
2026-01-03,2025-26,PHI,NYK,226.5,249,OVER,2,True,0.9
2026-01-03,2025-26,CHA,CHI,244.5,211,UNDER,1,True,0.9
2026-01-03,2025-26,HOU,DAL,227.5,214,OVER,4,False,-1.0
2026-01-03,2025-26,BOS,LAC,220.5,261,OVER,4,True,0.9
2026-01-04,2025-26,OKC,PHX,229.5,213,UNDER,2,True,0.9
2026-01-04,2025-26,MIL,SAC,221.5,213,UNDER,2,True,0.9
2026-01-05,2025-26,ATL,TOR,237.5,218,UNDER,4,True,0.9
2026-01-06,2025-26,CLE,IND,236.5,236,OVER,2,False,-1.0
2026-01-06,2025-26,DAL,SAC,233.5,198,UNDER,2,True,0.9
2026-01-07,2025-26,DEN,BOS,231.5,224,UNDER,4,True,0.9
2026-01-07,2025-26,TOR,CHA,229.5,193,UNDER,2,True,0.9
2026-01-07,2025-26,MIL,GSW,228.5,233,OVER,8,True,0.9
